run_wall_time,run_cpu_time,run_mem_peak,init_wall_time,init_cpu_time,init_mem_peak,code
5.992647148668766,0.9026093799999995,4.691198348999023,3.6385989859700203,0.19418373199999905,5.111293792724609,five_branches_False_0.1_0.7_30.h5ad
6.345741428434849,0.6492973920000011,4.691282272338867,3.7374517247080803,0.17174950999999972,5.112318992614746,five_branches_False_0.1_0.7_70.h5ad
6.305770713835955,0.8529155550000009,4.689745903015137,3.8731229417026043,0.16843061500000012,5.111078262329102,five_branches_False_0.1_0.7_50.h5ad
6.430616721510887,0.8638560599999998,4.690390586853027,3.8935647793114185,0.19855510400000043,5.111112594604492,five_branches_False_0.1_0.7_10.h5ad
4.206872344017029,0.3178348749999991,2.151177406311035,3.6385989859700203,0.19418373199999905,5.111293792724609,five_branches_True_0.1_0.7_30.h5ad
6.35942492634058,0.36664711399999916,2.151266098022461,3.7374517247080803,0.17174950999999972,5.112318992614746,five_branches_True_0.1_0.7_70.h5ad
6.584971237927675,0.3825843219999996,2.1511402130126953,3.8731229417026043,0.16843061500000012,5.111078262329102,five_branches_True_0.1_0.7_50.h5ad
6.460440680384636,0.3820126809999991,2.1511545181274414,3.8935647793114185,0.19855510400000043,5.111112594604492,five_branches_True_0.1_0.7_10.h5ad
0.6454345807433128,0.8226599629999995,5.100803375244141,2.5033264867961407,0.14940129399999869,4.964268684387207,three_branches_False_0.7_0.7_10.h5ad
0.3396558128297329,0.43529576899999967,2.5480308532714844,2.5033264867961407,0.14940129399999869,4.964268684387207,three_branches_True_0.7_0.7_10.h5ad
0.5105757564306259,0.91333764,5.101036071777344,3.3275097012519836,0.15196865999999964,4.963044166564941,three_branches_False_0.7_0.7_50.h5ad
2.5069539472460747,0.88003711,5.100837707519531,3.552345771342516,0.13729449000000038,4.964028358459473,three_branches_False_0.7_0.7_30.h5ad
2.518764443695545,0.9441275339999997,5.100518226623535,3.4531363397836685,0.162101045,4.96390438079834,three_branches_False_0.7_0.7_70.h5ad
2.2940966486930847,0.4275652840000017,2.5480241775512695,3.3275097012519836,0.15196865999999964,4.963044166564941,three_branches_True_0.7_0.7_50.h5ad
2.293830808252096,0.432501413999999,2.5479698181152344,3.552345771342516,0.13729449000000038,4.964028358459473,three_branches_True_0.7_0.7_30.h5ad
2.293113648891449,0.4302058520000003,2.547926902770996,3.4531363397836685,0.162101045,4.96390438079834,three_branches_True_0.7_0.7_70.h5ad
5.544207148253918,0.798594628,4.69034481048584,2.811588667333126,0.1563812630000001,5.134794235229492,three_branches_False_0.1_0.9_10.h5ad
6.600389502942562,0.3912066860000003,2.150968551635742,2.811588667333126,0.1563812630000001,5.134794235229492,three_branches_True_0.1_0.9_10.h5ad
6.350925929844379,0.7717499889999999,4.689634323120117,3.1330429278314114,0.1702108140000007,5.134411811828613,three_branches_False_0.1_0.9_30.h5ad
5.727169431746006,0.8390719489999992,4.689453125,3.549500074237585,0.15649170500000054,5.135383605957031,three_branches_False_0.1_0.9_50.h5ad
5.5583213195204735,0.8716161409999987,4.689776420593262,3.8706044256687164,0.1823865780000009,5.139766693115234,three_branches_False_0.1_0.9_70.h5ad
3.751188602298498,0.3778893579999991,2.1509170532226562,3.1330429278314114,0.1702108140000007,5.134411811828613,three_branches_True_0.1_0.9_30.h5ad
4.337389376014471,0.3878056050000005,2.1509170532226562,3.549500074237585,0.15649170500000054,5.135383605957031,three_branches_True_0.1_0.9_50.h5ad
5.908087152987719,0.39351624800000096,2.1508569717407227,3.8706044256687164,0.1823865780000009,5.139766693115234,three_branches_True_0.1_0.9_70.h5ad
2.4987593926489353,0.7625137639999995,4.7011260986328125,2.839938908815384,0.1531637830000001,5.192327499389648,three_branches_False_0.3_0.9_10.h5ad
2.2041892260313034,0.3382027189999999,2.1622352600097656,2.839938908815384,0.1531637830000001,5.192327499389648,three_branches_True_0.3_0.9_10.h5ad
2.380508977919817,0.7571807209999992,4.700726509094238,2.7441217191517353,0.15695071899999924,5.191747665405273,three_branches_False_0.3_0.9_30.h5ad
2.3651990182697773,0.7662720920000012,4.700435638427734,2.683035086840391,0.14903565600000057,5.192953109741211,three_branches_False_0.3_0.9_50.h5ad
2.2026588916778564,0.3429426089999996,2.1621904373168945,2.7441217191517353,0.15695071899999924,5.191747665405273,three_branches_True_0.3_0.9_30.h5ad
2.2190176844596863,0.34334101399999994,2.1622486114501953,2.683035086840391,0.14903565600000057,5.192953109741211,three_branches_True_0.3_0.9_50.h5ad
2.3648347072303295,0.7662090159999995,4.700733184814453,2.5966002717614174,0.14925571000000026,5.192360877990723,three_branches_False_0.3_0.9_70.h5ad
2.217938754707575,0.32825836399999986,2.1621341705322266,2.5966002717614174,0.14925571000000026,5.192360877990723,three_branches_True_0.3_0.9_70.h5ad
2.3831792920827866,0.806786636,4.671319961547852,2.8164431788027287,0.1239160100000003,4.852971076965332,three_branches_False_0.9_0.3_10.h5ad
0.4115833751857281,0.8194200180000006,4.671846389770508,2.738773860037327,0.14213738300000145,4.853133201599121,three_branches_False_0.9_0.3_30.h5ad
2.2070679403841496,0.34317562000000024,2.1334381103515625,2.8164431788027287,0.1239160100000003,4.852971076965332,three_branches_True_0.9_0.3_10.h5ad
0.5042102672159672,0.9202805090000012,4.671937942504883,2.8553755320608616,0.17728862699999937,4.854574203491211,three_branches_False_0.9_0.3_50.h5ad
2.2065849788486958,0.33898441400000046,2.1333799362182617,2.738773860037327,0.14213738300000145,4.853133201599121,three_branches_True_0.9_0.3_30.h5ad
2.269254121929407,0.4135173449999989,2.1334991455078125,2.8553755320608616,0.17728862699999937,4.854574203491211,three_branches_True_0.9_0.3_50.h5ad
2.3686541952192783,0.7750344259999995,4.672394752502441,2.955575369298458,0.1550740820000005,4.85280704498291,three_branches_False_0.9_0.3_70.h5ad
2.2041562162339687,0.3392494579999994,2.1334991455078125,2.955575369298458,0.1550740820000005,4.85280704498291,three_branches_True_0.9_0.3_70.h5ad
,,,2.8864859379827976,0.14300130099999997,4.770545959472656,five_branches_False_0.3_0.3_10.h5ad
,,,2.8144998140633106,0.1804134830000006,4.7708282470703125,five_branches_False_0.3_0.3_30.h5ad
2.226277768611908,0.3641568769999992,2.1361618041992188,2.8864859379827976,0.14300130099999997,4.770545959472656,five_branches_True_0.3_0.3_10.h5ad
,,,2.571236487478018,0.1646359309999994,4.771866798400879,five_branches_False_0.3_0.3_50.h5ad
2.287816073745489,0.42396255800000127,2.136150360107422,2.8144998140633106,0.1804134830000006,4.7708282470703125,five_branches_True_0.3_0.3_30.h5ad
2.319810666143894,0.477059637,2.1361446380615234,2.571236487478018,0.1646359309999994,4.771866798400879,five_branches_True_0.3_0.3_50.h5ad
,,,2.8430245593190193,0.12832426800000007,4.770376205444336,five_branches_False_0.3_0.3_70.h5ad
2.2414831668138504,0.3600295510000002,2.1361618041992188,2.8430245593190193,0.12832426800000007,4.770376205444336,five_branches_True_0.3_0.3_70.h5ad
2.4260533452033997,0.8505227929999997,4.687725067138672,2.8975083976984024,0.1684117650000001,5.11063289642334,three_branches_False_0.1_0.5_10.h5ad
2.403234042227268,0.8355197180000005,4.688873291015625,2.746863041073084,0.15331362800000115,5.110350608825684,three_branches_False_0.1_0.5_30.h5ad
2.289114136248827,0.4334144179999999,2.1500368118286133,2.8975083976984024,0.1684117650000001,5.11063289642334,three_branches_True_0.1_0.5_10.h5ad
2.202247802168131,0.34321171899999925,2.1500930786132812,2.746863041073084,0.15331362800000115,5.110350608825684,three_branches_True_0.1_0.5_30.h5ad
2.440875791013241,0.8269360559999992,4.688958168029785,2.5444529466331005,0.14634927100000006,5.110569000244141,three_branches_False_0.1_0.5_50.h5ad
2.243667770177126,0.3991402529999988,2.14990234375,2.5444529466331005,0.14634927100000006,5.110569000244141,three_branches_True_0.1_0.5_50.h5ad
2.4285705275833607,0.8507573420000014,4.688075065612793,2.757775615900755,0.1463500849999999,5.109729766845703,three_branches_False_0.1_0.5_70.h5ad
2.200687561184168,0.3386238250000009,2.150144577026367,2.757775615900755,0.1463500849999999,5.109729766845703,three_branches_True_0.1_0.5_70.h5ad
2.4119492433965206,0.8355225829999995,4.68782901763916,2.8185621723532677,0.1541646969999988,5.117510795593262,three_branches_False_0.5_0.9_10.h5ad
2.345952656120062,0.7681943499999999,4.688188552856445,2.794290665537119,0.11793037099999992,5.116859436035156,three_branches_False_0.5_0.9_30.h5ad
2.208749506622553,0.3448627440000003,2.149280548095703,2.8185621723532677,0.1541646969999988,5.117510795593262,three_branches_True_0.5_0.9_10.h5ad
2.373294621706009,0.7693845079999999,4.688316345214844,2.656677518039942,0.1252179919999996,5.115518569946289,three_branches_False_0.5_0.9_50.h5ad
2.1884485445916653,0.3247930179999994,2.1492919921875,2.794290665537119,0.11793037099999992,5.116859436035156,three_branches_True_0.5_0.9_30.h5ad
2.188465218991041,0.31784578599999946,2.149235725402832,2.656677518039942,0.1252179919999996,5.115518569946289,three_branches_True_0.5_0.9_50.h5ad
2.2919870987534523,0.6508387500000001,4.687098503112793,2.770212009549141,0.10998130499999981,5.116730690002441,three_branches_False_0.5_0.9_70.h5ad
2.165823370218277,0.2560458160000003,2.1492443084716797,2.770212009549141,0.10998130499999981,5.116730690002441,three_branches_True_0.5_0.9_70.h5ad
2.39185818657279,0.8153505669999994,4.6880035400390625,3.047932468354702,0.14959739799999916,5.088046073913574,three_branches_False_0.7_0.9_10.h5ad
0.40302883088588715,0.7935956720000004,4.687365531921387,2.741788886487484,0.15584501100000026,5.088644027709961,three_branches_False_0.7_0.9_30.h5ad
2.198829837143421,0.32678521499999924,2.1484737396240234,3.047932468354702,0.14959739799999916,5.088046073913574,three_branches_True_0.7_0.9_10.h5ad
0.3192482776939869,0.6703210470000016,4.68787956237793,2.6949392706155777,0.13491807599999994,5.088068962097168,three_branches_False_0.7_0.9_50.h5ad
2.188726756721735,0.3369929039999988,2.1484737396240234,2.741788886487484,0.15584501100000026,5.088644027709961,three_branches_True_0.7_0.9_30.h5ad
2.204507451504469,0.3438650059999997,2.1483592987060547,2.6949392706155777,0.13491807599999994,5.088068962097168,three_branches_True_0.7_0.9_50.h5ad
2.479871366173029,0.9009158859999999,4.688414573669434,2.827174849808216,0.1891654729999992,5.0880537033081055,three_branches_False_0.7_0.9_70.h5ad
2.1893423721194267,0.3240893079999996,2.1484241485595703,2.827174849808216,0.1891654729999992,5.0880537033081055,three_branches_True_0.7_0.9_70.h5ad
2.4608795270323753,0.8702741090000004,4.678913116455078,3.0360891297459602,0.1337484179999997,4.966352462768555,three_branches_False_0.3_0.5_50.h5ad
2.3515703231096268,0.7846742019999997,4.679130554199219,3.3787555024027824,0.1620545490000005,4.9663543701171875,three_branches_False_0.3_0.5_70.h5ad
2.3721750862896442,0.7836045980000002,4.679804801940918,2.682649839669466,0.14173650999999943,4.967109680175781,three_branches_False_0.3_0.5_10.h5ad
2.1882394067943096,0.32246961000000063,2.1397600173950195,3.0360891297459602,0.1337484179999997,4.966352462768555,three_branches_True_0.3_0.5_50.h5ad
2.1917733177542686,0.3270690569999992,2.1396970748901367,3.3787555024027824,0.1620545490000005,4.9663543701171875,three_branches_True_0.3_0.5_70.h5ad
2.1863762885332108,0.31902327000000064,2.1398677825927734,2.682649839669466,0.14173650999999943,4.967109680175781,three_branches_True_0.3_0.5_10.h5ad
2.3998732678592205,0.8217023189999999,4.678658485412598,2.6233072727918625,0.16163447899999994,4.966341972351074,three_branches_False_0.3_0.5_30.h5ad
2.1983191445469856,0.3416303129999996,2.1398677825927734,2.6233072727918625,0.16163447899999994,4.966341972351074,three_branches_True_0.3_0.5_30.h5ad
6.210941139608622,0.8823796340000012,4.676491737365723,3.17083939909935,0.15227104100000055,4.931026458740234,five_branches_False_0.7_0.7_10.h5ad
6.078269470483065,0.8167156930000008,4.677373886108398,3.232256267219782,0.19027528300000007,4.93134880065918,five_branches_False_0.7_0.7_30.h5ad
5.387858510017395,0.8099505669999996,4.676718711853027,3.3766065910458565,0.1608772260000002,4.930752754211426,five_branches_False_0.7_0.7_50.h5ad
6.062794953584671,0.3865403289999989,2.138448715209961,3.17083939909935,0.15227104100000055,4.931026458740234,five_branches_True_0.7_0.7_10.h5ad
6.34478897228837,0.38932641200000084,2.1382312774658203,3.232256267219782,0.19027528300000007,4.93134880065918,five_branches_True_0.7_0.7_30.h5ad
5.803114447742701,0.43818378599999974,2.1384429931640625,3.3766065910458565,0.1608772260000002,4.930752754211426,five_branches_True_0.7_0.7_50.h5ad
5.751394618302584,0.888804339,4.676004409790039,3.6364289298653603,0.18054362899999887,4.931422233581543,five_branches_False_0.7_0.7_70.h5ad
5.439852770417929,0.3773579999999992,2.1383743286132812,3.6364289298653603,0.18054362899999887,4.931422233581543,five_branches_True_0.7_0.7_70.h5ad
2.4123356342315674,0.8409820629999984,4.6948957443237305,3.16664731875062,0.1423533120000009,5.17780876159668,three_branches_False_0.1_0.7_10.h5ad
2.350092463195324,0.7726382970000003,4.694235801696777,3.3186415135860443,0.16060972700000065,5.178948402404785,three_branches_False_0.1_0.7_30.h5ad
2.3364623337984085,0.7577596819999997,4.692505836486816,2.784310922026634,0.14865922899999973,5.178256034851074,three_branches_False_0.1_0.7_50.h5ad
2.1757021136581898,0.30995831500000115,2.154717445373535,3.16664731875062,0.1423533120000009,5.17780876159668,three_branches_True_0.1_0.7_10.h5ad
2.1768559738993645,0.3100132569999996,2.15478515625,3.3186415135860443,0.16060972700000065,5.178948402404785,three_branches_True_0.1_0.7_30.h5ad
2.179716717451811,0.3135344440000001,2.15478515625,2.784310922026634,0.14865922899999973,5.178256034851074,three_branches_True_0.1_0.7_50.h5ad
2.339913696050644,0.7637307230000001,4.695398330688477,2.9621503576636314,0.15465756200000058,5.178532600402832,three_branches_False_0.1_0.7_70.h5ad
2.173832729458809,0.30682390099999957,2.15478515625,2.9621503576636314,0.15465756200000058,5.178532600402832,three_branches_True_0.1_0.7_70.h5ad
2.4832986779510975,0.8835809680000004,4.696733474731445,3.0006879828870296,0.17428094499999958,4.9745073318481445,five_branches_False_0.3_0.7_10.h5ad
2.417710453271866,0.8201104660000009,4.6965789794921875,3.455909840762615,0.14339082999999953,4.9748125076293945,five_branches_False_0.3_0.7_30.h5ad
0.21908880770206451,0.33627238799999937,2.1577024459838867,3.455909840762615,0.14339082999999953,4.9748125076293945,five_branches_True_0.3_0.7_30.h5ad
2.4457272589206696,0.8561310520000003,4.696117401123047,2.7411780543625355,0.15182830500000044,4.973825454711914,five_branches_False_0.3_0.7_50.h5ad
2.214956108480692,0.3425462229999994,2.1577072143554688,3.0006879828870296,0.17428094499999958,4.9745073318481445,five_branches_True_0.3_0.7_10.h5ad
2.28586857765913,0.4136389779999998,2.157679557800293,2.7411780543625355,0.15182830500000044,4.973825454711914,five_branches_True_0.3_0.7_50.h5ad
2.4149532578885555,0.8153650059999986,4.695122718811035,2.7529195956885815,0.1541601539999995,4.974730491638184,five_branches_False_0.3_0.7_70.h5ad
2.2047759518027306,0.34342020999999967,2.1577301025390625,2.7529195956885815,0.1541601539999995,4.974730491638184,five_branches_True_0.3_0.7_70.h5ad
2.405288442969322,0.8314123650000003,4.683789253234863,2.8177916519343853,0.14817874500000094,5.034187316894531,five_branches_False_0.3_0.9_10.h5ad
2.363767299801111,0.7714169259999988,4.683996200561523,3.0316018387675285,0.1608697570000004,5.035311698913574,five_branches_False_0.3_0.9_30.h5ad
2.207834668457508,0.3393766110000005,2.1458311080932617,2.8177916519343853,0.14817874500000094,5.034187316894531,five_branches_True_0.3_0.9_10.h5ad
2.3983302153646946,0.8205644259999989,4.6843414306640625,2.625652365386486,0.1569205450000002,5.035841941833496,five_branches_False_0.3_0.9_50.h5ad
2.2029090374708176,0.3319493960000006,2.1458253860473633,3.0316018387675285,0.1608697570000004,5.035311698913574,five_branches_True_0.3_0.9_30.h5ad
2.2043429352343082,0.33613558500000096,2.1458311080932617,2.625652365386486,0.1569205450000002,5.035841941833496,five_branches_True_0.3_0.9_50.h5ad
2.426184944808483,0.8475222379999998,4.684645652770996,2.8223537504673004,0.15876125800000018,5.034671783447266,five_branches_False_0.3_0.9_70.h5ad
2.202909793704748,0.3329244720000002,2.145723342895508,2.8223537504673004,0.15876125800000018,5.034671783447266,five_branches_True_0.3_0.9_70.h5ad
2.5186506509780884,0.9484269180000009,4.6749420166015625,2.8407262973487377,0.11844734499999987,4.91552734375,three_branches_False_0.9_0.7_10.h5ad
2.377550970762968,0.7880348029999986,4.675419807434082,3.2359526343643665,0.16818181499999874,4.914878845214844,three_branches_False_0.9_0.7_30.h5ad
2.1902898885309696,0.3267066080000003,2.1367321014404297,2.8407262973487377,0.11844734499999987,4.91552734375,three_branches_True_0.9_0.7_10.h5ad
2.399546280503273,0.8203349409999987,4.676421165466309,2.709195125848055,0.15533226300000003,4.915587425231934,three_branches_False_0.9_0.7_50.h5ad
2.1875694282352924,0.32335918699999944,2.1366806030273438,3.2359526343643665,0.16818181499999874,4.914878845214844,three_branches_True_0.9_0.7_30.h5ad
2.1882753558456898,0.324267429999999,2.1366806030273438,2.709195125848055,0.15533226300000003,4.915587425231934,three_branches_True_0.9_0.7_50.h5ad
2.49697682261467,0.9265631249999995,4.67551326751709,2.6047863997519016,0.155717816000001,4.915621757507324,three_branches_False_0.9_0.7_70.h5ad
2.1931851729750633,0.32905285600000056,2.136549949645996,2.6047863997519016,0.155717816000001,4.915621757507324,three_branches_True_0.9_0.7_70.h5ad
2.5078279599547386,0.8850130909999994,4.676445960998535,2.625530894845724,0.15210912900000118,4.904252052307129,five_branches_False_0.5_0.3_10.h5ad
2.4185548052191734,0.8396520540000001,4.676441192626953,2.829343494027853,0.13157533100000052,4.904967308044434,five_branches_False_0.5_0.3_30.h5ad
2.218174744397402,0.35046660500000115,2.1368818283081055,2.625530894845724,0.15210912900000118,4.904252052307129,five_branches_True_0.5_0.3_10.h5ad
2.5191727466881275,0.9538334209999988,4.675850868225098,2.8682638742029667,0.15816072299999995,4.905221939086914,five_branches_False_0.5_0.3_50.h5ad
2.2145196050405502,0.34407936100000036,2.1367225646972656,2.829343494027853,0.13157533100000052,4.904967308044434,five_branches_True_0.5_0.3_30.h5ad
2.2143462859094143,0.34436672500000043,2.136826515197754,2.8682638742029667,0.15816072299999995,4.905221939086914,five_branches_True_0.5_0.3_50.h5ad
2.43904472514987,0.8533148209999997,4.67575740814209,2.6615598425269127,0.14417886500000066,4.903979301452637,five_branches_False_0.5_0.3_70.h5ad
2.2214061431586742,0.35607139400000065,2.1368579864501953,2.6615598425269127,0.14417886500000066,4.903979301452637,five_branches_True_0.5_0.3_70.h5ad
2.403893258422613,0.8277423620000004,4.692106246948242,3.014047034084797,0.1464567720000005,5.174570083618164,five_branches_False_0.1_0.3_10.h5ad
2.420491646975279,0.8638326660000004,4.692015647888184,2.9060297645628452,0.17145384800000052,5.175505638122559,five_branches_False_0.1_0.3_30.h5ad
2.226672351360321,0.34793264300000004,2.1538476943969727,3.014047034084797,0.1464567720000005,5.174570083618164,five_branches_True_0.1_0.3_10.h5ad
2.379995968192816,0.8016080979999991,4.692105293273926,2.579795181751251,0.11991168199999969,5.175053596496582,five_branches_False_0.1_0.3_50.h5ad
2.1908716186881065,0.31951842699999844,2.1538591384887695,2.9060297645628452,0.17145384800000052,5.175505638122559,five_branches_True_0.1_0.3_30.h5ad
2.1949825659394264,0.32356894800000013,2.1538753509521484,2.579795181751251,0.11991168199999969,5.175053596496582,five_branches_True_0.1_0.3_50.h5ad
2.382553808391094,0.8041593680000005,4.69305419921875,2.6094736717641354,0.13816294000000084,5.176063537597656,five_branches_False_0.1_0.3_70.h5ad
2.1910135857760906,0.31969139599999963,2.1538524627685547,2.6094736717641354,0.13816294000000084,5.176063537597656,five_branches_True_0.1_0.3_70.h5ad
2.4482977241277695,0.8335939159999999,4.697443008422852,2.7697642520070076,0.1587139440000005,4.966314315795898,three_branches_False_0.1_0.3_10.h5ad
2.245437353849411,0.3278637100000008,2.1570262908935547,2.7697642520070076,0.1587139440000005,4.966314315795898,three_branches_True_0.1_0.3_10.h5ad
2.4414994157850742,0.8417344369999995,4.695348739624023,2.945269200950861,0.15709393200000044,4.9655351638793945,three_branches_False_0.1_0.3_30.h5ad
2.387732371687889,0.7869853550000006,4.695211410522461,2.738113459199667,0.16154966299999884,4.965831756591797,three_branches_False_0.1_0.3_50.h5ad
2.22302059084177,0.3524021259999994,2.1570262908935547,2.945269200950861,0.15709393200000044,4.9655351638793945,three_branches_True_0.1_0.3_30.h5ad
2.22174583747983,0.35234463600000154,2.156792640686035,2.738113459199667,0.16154966299999884,4.965831756591797,three_branches_True_0.1_0.3_50.h5ad
2.393334224820137,0.7947469330000008,4.696447372436523,2.7487198747694492,0.1407592829999995,4.966689109802246,three_branches_False_0.1_0.3_70.h5ad
0.21946190670132637,0.34412910799999885,2.1570262908935547,2.7487198747694492,0.1407592829999995,4.966689109802246,three_branches_True_0.1_0.3_70.h5ad
6.361217472702265,0.8340603099999999,4.6732940673828125,2.983515802770853,0.13879878999999917,4.867467880249023,three_branches_False_0.5_0.3_10.h5ad
5.9001672230660915,0.7990959209999993,4.674814224243164,2.932242840528488,0.15068208100000113,4.867300033569336,three_branches_False_0.5_0.3_30.h5ad
5.8368383012712,0.7354322490000005,4.6728925704956055,2.9771952107548714,0.15628487800000102,4.868243217468262,three_branches_False_0.5_0.3_50.h5ad
3.9785474315285683,0.403599904,2.134524345397949,2.983515802770853,0.13879878999999917,4.867467880249023,three_branches_True_0.5_0.3_10.h5ad
5.8540840074419975,0.37122287499999906,2.134580612182617,2.932242840528488,0.15068208100000113,4.867300033569336,three_branches_True_0.5_0.3_30.h5ad
5.99853466078639,0.8035140989999991,4.6733503341674805,3.15541535243392,0.12742873200000027,4.867362976074219,three_branches_False_0.5_0.3_70.h5ad
5.755021698772907,0.3712113299999995,2.134373664855957,2.9771952107548714,0.15628487800000102,4.868243217468262,three_branches_True_0.5_0.3_50.h5ad
5.53922975063324,0.36949283400000077,2.134866714477539,3.15541535243392,0.12742873200000027,4.867362976074219,three_branches_True_0.5_0.3_70.h5ad
2.4319677874445915,0.8679406929999995,4.675699234008789,2.691861256957054,0.1220361669999992,4.902548789978027,five_branches_False_0.9_0.7_10.h5ad
2.2110622487962246,0.3423629950000002,2.136465072631836,2.691861256957054,0.1220361669999992,4.902548789978027,five_branches_True_0.9_0.7_10.h5ad
2.4506386555731297,0.8722306890000002,4.675243377685547,2.895998615771532,0.17229491000000152,4.902311325073242,five_branches_False_0.9_0.7_30.h5ad
2.4970008358359337,0.9293449680000005,4.675191879272461,2.6914615631103516,0.16731666799999978,4.902399063110352,five_branches_False_0.9_0.7_50.h5ad
2.2408474273979664,0.35436349999999983,2.1366634368896484,2.895998615771532,0.17229491000000152,4.902311325073242,five_branches_True_0.9_0.7_30.h5ad
2.2120897993445396,0.34177750799999984,2.136532783508301,2.6914615631103516,0.16731666799999978,4.902399063110352,five_branches_True_0.9_0.7_50.h5ad
2.3627494648098946,0.7720215489999998,4.6753950119018555,2.5702069625258446,0.1188836060000007,4.903077125549316,five_branches_False_0.9_0.7_70.h5ad
0.21917561069130898,0.34005276099999904,2.1366348266601562,2.5702069625258446,0.1188836060000007,4.903077125549316,five_branches_True_0.9_0.7_70.h5ad
2.5140582881867886,0.9148278889999997,4.684613227844238,2.7686621211469173,0.1670979189999997,4.794300079345703,three_branches_False_0.3_0.1_10.h5ad
2.258661724627018,0.3848982249999988,2.145846366882324,2.7686621211469173,0.1670979189999997,4.794300079345703,three_branches_True_0.3_0.1_10.h5ad
2.4997872337698936,0.9010400680000004,4.6852922439575195,2.712125740945339,0.15191163599999946,4.794388771057129,three_branches_False_0.3_0.1_30.h5ad
2.5019501000642776,0.9040557890000009,4.684919357299805,2.88265872746706,0.17404664100000033,4.794671058654785,three_branches_False_0.3_0.1_50.h5ad
2.253923248499632,0.4005765229999998,2.145902633666992,2.712125740945339,0.15191163599999946,4.794388771057129,three_branches_True_0.3_0.1_30.h5ad
2.4074940122663975,0.810541937,4.684412002563477,2.656900465488434,0.1451349920000009,4.7950239181518555,three_branches_False_0.3_0.1_70.h5ad
2.2515140250325203,0.3848438830000003,2.1458511352539062,2.88265872746706,0.17404664100000033,4.794671058654785,three_branches_True_0.3_0.1_50.h5ad
2.248304285109043,0.38087847100000083,2.145902633666992,2.656900465488434,0.1451349920000009,4.7950239181518555,three_branches_True_0.3_0.1_70.h5ad
2.51328357309103,0.9385544680000013,5.096163749694824,2.8611563816666603,0.15224506800000093,4.897266387939453,three_branches_False_0.7_0.5_10.h5ad
2.319096937775612,0.4560586699999991,2.5429439544677734,2.8611563816666603,0.15224506800000093,4.897266387939453,three_branches_True_0.7_0.5_10.h5ad
2.635020677000284,1.0681478039999988,5.096661567687988,2.8592945635318756,0.15271927400000074,4.89702033996582,three_branches_False_0.7_0.5_30.h5ad
2.4941708482801914,0.9130467669999991,5.095876693725586,2.8483616188168526,0.17182230199999893,4.8963117599487305,three_branches_False_0.7_0.5_50.h5ad
2.3043558411300182,0.4457547150000014,2.5430002212524414,2.8592945635318756,0.15271927400000074,4.89702033996582,three_branches_True_0.7_0.5_30.h5ad
2.4870922565460205,0.9101384459999995,5.095432281494141,2.7195828817784786,0.17027969700000156,4.895635604858398,three_branches_False_0.7_0.5_70.h5ad
2.30209369584918,0.43866708400000043,2.5429506301879883,2.8483616188168526,0.17182230199999893,4.8963117599487305,three_branches_True_0.7_0.5_50.h5ad
2.305853720754385,0.44369574300000103,2.5428943634033203,2.7195828817784786,0.17027969700000156,4.895635604858398,three_branches_True_0.7_0.5_70.h5ad
2.5552980229258537,0.9795999940000009,5.109118461608887,2.8355828039348125,0.16265178399999947,5.046041488647461,five_branches_False_0.1_0.5_10.h5ad
2.311248254030943,0.44616898100000135,2.556368827819824,2.8355828039348125,0.16265178399999947,5.046041488647461,five_branches_True_0.1_0.5_10.h5ad
2.504338052123785,0.934687555,5.108780860900879,2.8083536438643932,0.12007653300000065,5.046233177185059,five_branches_False_0.1_0.5_30.h5ad
2.7235621884465218,1.1541531539999994,5.109471321105957,3.0363620966672897,0.16567067300000105,5.04599666595459,five_branches_False_0.1_0.5_50.h5ad
2.306566011160612,0.4441698949999999,2.5562047958374023,2.8083536438643932,0.12007653300000065,5.046233177185059,five_branches_True_0.1_0.5_30.h5ad
2.516746513545513,0.9446414000000001,5.108752250671387,2.7664473950862885,0.14182080900000038,5.045893669128418,five_branches_False_0.1_0.5_70.h5ad
2.30648510530591,0.43802235700000125,2.55648136138916,3.0363620966672897,0.16567067300000105,5.04599666595459,five_branches_True_0.1_0.5_50.h5ad
2.3548405319452286,0.489471215,2.5564146041870117,2.7664473950862885,0.14182080900000038,5.045893669128418,five_branches_True_0.1_0.5_70.h5ad
2.417982552200556,0.8489427299999992,4.674299240112305,2.7602056339383125,0.14471235499999935,4.880515098571777,three_branches_False_0.7_0.3_10.h5ad
2.251010235399008,0.3811901880000015,2.134969711303711,2.7602056339383125,0.14471235499999935,4.880515098571777,three_branches_True_0.7_0.3_10.h5ad
2.568180277943611,0.9950014869999997,4.6735687255859375,2.815630365163088,0.1517827529999991,4.881346702575684,three_branches_False_0.7_0.3_30.h5ad
2.469705305993557,0.8898813509999997,4.672842025756836,2.763875685632229,0.1589256290000005,4.881340980529785,three_branches_False_0.7_0.3_50.h5ad
2.2339986748993397,0.36680013799999855,2.134861946105957,2.815630365163088,0.1517827529999991,4.881346702575684,three_branches_True_0.7_0.3_30.h5ad
2.422616232186556,0.8449248669999996,4.673981666564941,2.8505507931113243,0.1568912529999995,4.881214141845703,three_branches_False_0.7_0.3_70.h5ad
2.237458884716034,0.3696997390000014,2.134913444519043,2.763875685632229,0.1589256290000005,4.881340980529785,three_branches_True_0.7_0.3_50.h5ad
2.2347791865468025,0.3683198169999997,2.134799003601074,2.8505507931113243,0.1568912529999995,4.881214141845703,three_branches_True_0.7_0.3_70.h5ad
,,,2.7595942094922066,0.1490235670000004,4.971782684326172,three_branches_False_0.9_0.9_10.h5ad
2.2438029162585735,0.3402832129999993,2.1400232315063477,2.7595942094922066,0.1490235670000004,4.971782684326172,three_branches_True_0.9_0.9_10.h5ad
,,,3.0777847468852997,0.13406004099999969,4.971645355224609,three_branches_False_0.9_0.9_30.h5ad
,,,2.8802120834589005,0.12846420300000005,4.9718780517578125,three_branches_False_0.9_0.9_50.h5ad
2.233531378209591,0.3411749000000004,2.1399717330932617,3.0777847468852997,0.13406004099999969,4.971645355224609,three_branches_True_0.9_0.9_30.h5ad
,,,2.67594875395298,0.15442928700000103,4.971406936645508,three_branches_False_0.9_0.9_70.h5ad
2.2993358857929707,0.4237750560000002,2.1399154663085938,2.8802120834589005,0.12846420300000005,4.9718780517578125,three_branches_True_0.9_0.9_50.h5ad
2.239261731505394,0.3302787760000001,2.1399154663085938,2.67594875395298,0.15442928700000103,4.971406936645508,three_branches_True_0.9_0.9_70.h5ad
2.4312205277383327,0.8517768399999994,4.6730146408081055,2.9895099475979805,0.15002461999999994,4.882259368896484,five_branches_False_0.5_0.5_50.h5ad
0.23227303475141525,0.35343420200000075,2.1351242065429688,2.9895099475979805,0.15002461999999994,4.882259368896484,five_branches_True_0.5_0.5_50.h5ad
0.4482484757900238,0.8629071589999988,4.674166679382324,2.8968911170959473,0.12912554500000084,4.882993698120117,five_branches_False_0.5_0.5_70.h5ad
2.467725858092308,0.8920798340000005,4.672812461853027,3.2460852786898613,0.15646628799999895,4.882745742797852,five_branches_False_0.5_0.5_10.h5ad
2.222423207014799,0.35100499500000026,2.1350860595703125,2.8968911170959473,0.12912554500000084,4.882993698120117,five_branches_True_0.5_0.5_70.h5ad
2.3833201713860035,0.8040778999999993,4.67315673828125,2.6326341703534126,0.11991122400000087,4.882573127746582,five_branches_False_0.5_0.5_30.h5ad
2.2249656952917576,0.3547257659999996,2.1351757049560547,3.2460852786898613,0.15646628799999895,4.882745742797852,five_branches_True_0.5_0.5_10.h5ad
,,,2.659376733005047,0.17013402199999916,4.658699989318848,five_branches_False_0.7_0.1_10.h5ad
2.2352133989334106,0.3721121469999993,2.1351242065429688,2.6326341703534126,0.11991122400000087,4.882573127746582,five_branches_True_0.5_0.5_30.h5ad
2.3156214766204357,0.40583489199999967,2.1211423873901367,2.659376733005047,0.17013402199999916,4.658699989318848,five_branches_True_0.7_0.1_10.h5ad
,,,2.541141390800476,0.12371828000000029,4.659258842468262,five_branches_False_0.7_0.1_30.h5ad
,,,2.9427697099745274,0.1572383129999988,4.6593780517578125,five_branches_False_0.7_0.1_50.h5ad
2.357351381331682,0.4576078999999993,2.121087074279785,2.541141390800476,0.12371828000000029,4.659258842468262,five_branches_True_0.7_0.1_30.h5ad
,,,2.898765530437231,0.1464730009999986,4.659507751464844,five_branches_False_0.7_0.1_70.h5ad
2.3109202310442924,0.4160672380000001,2.121135711669922,2.9427697099745274,0.1572383129999988,4.6593780517578125,five_branches_True_0.7_0.1_50.h5ad
2.3102356903254986,0.41204881400000026,2.1211471557617188,2.898765530437231,0.1464730009999986,4.659507751464844,five_branches_True_0.7_0.1_70.h5ad
2.3772549964487553,0.8005913010000008,4.674562454223633,2.709706038236618,0.15029692499999925,4.909966468811035,three_branches_False_0.5_0.5_10.h5ad
0.19253799319267273,0.32211998700000066,2.1364288330078125,2.709706038236618,0.15029692499999925,4.909966468811035,three_branches_True_0.5_0.5_10.h5ad
2.4636796563863754,0.8579062400000002,4.675632476806641,2.8095738030970097,0.1457359880000002,4.910508155822754,three_branches_False_0.5_0.5_30.h5ad
2.1856752410531044,0.3223762939999997,2.136594772338867,2.8095738030970097,0.1457359880000002,4.910508155822754,three_branches_True_0.5_0.5_30.h5ad
2.3414830081164837,0.775492624,4.676037788391113,2.7408454343676567,0.1245721789999994,4.910965919494629,three_branches_False_0.5_0.5_50.h5ad
2.365988314151764,0.7338965479999988,4.675234794616699,3.3556935787200928,0.15794384500000014,4.910713195800781,three_branches_False_0.5_0.5_70.h5ad
2.1819122172892094,0.31638844899999974,2.136488914489746,2.7408454343676567,0.1245721789999994,4.910965919494629,three_branches_True_0.5_0.5_50.h5ad
2.1878284588456154,0.32414501300000076,2.1364870071411133,3.3556935787200928,0.15794384500000014,4.910713195800781,three_branches_True_0.5_0.5_70.h5ad
2.530858088284731,0.9546604009999999,5.098811149597168,2.6861197613179684,0.1313736409999997,4.849008560180664,three_branches_False_0.9_0.5_50.h5ad
2.355219181627035,0.4931586390000007,2.5451107025146484,2.6861197613179684,0.1313736409999997,4.849008560180664,three_branches_True_0.9_0.5_50.h5ad
2.5611173510551453,0.9636076429999996,5.097975730895996,2.7175188586115837,0.13117329800000022,4.849189758300781,three_branches_False_0.9_0.5_70.h5ad
2.3666559644043446,0.4980357059999996,2.5451622009277344,2.7175188586115837,0.13117329800000022,4.849189758300781,three_branches_True_0.9_0.5_70.h5ad
2.622090730816126,1.0396439280000003,5.098075866699219,2.9955090172588825,0.13131087000000008,4.849092483520508,three_branches_False_0.9_0.5_10.h5ad
2.4900796078145504,0.9005246000000007,5.097934722900391,3.1075077690184116,0.1383342980000002,4.849665641784668,three_branches_False_0.9_0.5_30.h5ad
2.35812371596694,0.4994647789999984,2.5451173782348633,2.9955090172588825,0.13131087000000008,4.849092483520508,three_branches_True_0.9_0.5_10.h5ad
2.364880919456482,0.5112957739999988,2.544980049133301,3.1075077690184116,0.1383342980000002,4.849665641784668,three_branches_True_0.9_0.5_30.h5ad
2.3807204850018024,0.8019607979999996,4.682704925537109,2.7892633490264416,0.13859049299999882,5.009366035461426,three_branches_False_0.3_0.7_10.h5ad
2.201729476451874,0.33963426999999946,2.1428585052490234,2.7892633490264416,0.13859049299999882,5.009366035461426,three_branches_True_0.3_0.7_10.h5ad
2.3738040067255497,0.79832736,4.682803153991699,2.8204442262649536,0.13098011499999984,5.008742332458496,three_branches_False_0.3_0.7_30.h5ad
2.211371421813965,0.3575239029999988,2.1430721282958984,2.8204442262649536,0.13098011499999984,5.008742332458496,three_branches_True_0.3_0.7_30.h5ad
2.381195217370987,0.8028454620000005,4.681641578674316,2.8017693907022476,0.13714361299999922,5.008733749389648,three_branches_False_0.3_0.7_50.h5ad
2.473592199385166,0.735115158000001,4.683681488037109,2.9764099456369877,0.1653998320000003,5.008914947509766,three_branches_False_0.3_0.7_70.h5ad
,,,2.9241386353969574,0.1356700859999993,4.85890007019043,five_branches_False_0.9_0.3_10.h5ad
2.2147880904376507,0.3455711860000008,2.142960548400879,2.8017693907022476,0.13714361299999922,5.008733749389648,three_branches_True_0.3_0.7_50.h5ad
2.2031851448118687,0.33988423399999945,2.1430721282958984,2.9764099456369877,0.1653998320000003,5.008914947509766,three_branches_True_0.3_0.7_70.h5ad
2.253701150417328,0.3641631529999998,2.141242027282715,2.9241386353969574,0.1356700859999993,4.85890007019043,five_branches_True_0.9_0.3_10.h5ad
,,,2.4801670536398888,0.14143091899999938,4.8593292236328125,five_branches_False_0.9_0.3_30.h5ad
2.2747047878801823,0.3828564659999998,2.14115047454834,2.4801670536398888,0.14143091899999938,4.8593292236328125,five_branches_True_0.9_0.3_30.h5ad
,,,3.0569972321391106,0.16244292099999846,4.858954429626465,five_branches_False_0.9_0.3_50.h5ad
,,,3.235038723796606,0.16396569299999975,4.858641624450684,five_branches_False_0.9_0.3_70.h5ad
0.278936505317688,0.38174792899999943,2.141084671020508,3.235038723796606,0.16396569299999975,4.858641624450684,five_branches_True_0.9_0.3_70.h5ad
2.2950515300035477,0.39976289799999876,2.1412534713745117,3.0569972321391106,0.16244292099999846,4.858954429626465,five_branches_True_0.9_0.3_50.h5ad
2.420862093567848,0.8418142540000009,4.666670799255371,2.9395336098968983,0.16173594400000013,4.763070106506348,three_branches_False_0.5_0.1_10.h5ad
2.307872913777828,0.44865783699999895,2.1284360885620117,2.9395336098968983,0.16173594400000013,4.763070106506348,three_branches_True_0.5_0.1_10.h5ad
2.4683506302535534,0.8897008269999986,4.667473793029785,2.7189420610666275,0.1435932099999988,4.7623291015625,three_branches_False_0.5_0.1_30.h5ad
2.2362035661935806,0.3735049929999992,2.128384590148926,2.7189420610666275,0.1435932099999988,4.7623291015625,three_branches_True_0.5_0.1_30.h5ad
0.4416244812309742,0.8463158999999987,4.668469429016113,2.978364933282137,0.15484416999999873,4.763108253479004,three_branches_False_0.5_0.1_70.h5ad
2.4596882574260235,0.8933463170000007,4.666908264160156,2.8984231501817703,0.12676423599999964,4.7628278732299805,three_branches_False_0.5_0.1_50.h5ad
2.264321219176054,0.3962651640000008,2.1284408569335938,2.978364933282137,0.15484416999999873,4.763108253479004,three_branches_True_0.5_0.1_70.h5ad
2.251849241554737,0.36930310199999994,2.1284408569335938,2.8984231501817703,0.12676423599999964,4.7628278732299805,three_branches_True_0.5_0.1_50.h5ad
2.381353285163641,0.803379443999999,4.672428131103516,2.7314339354634285,0.1468596729999998,4.864448547363281,three_branches_False_0.3_0.3_10.h5ad
2.1960419416427612,0.33211532700000035,2.133603096008301,2.7314339354634285,0.1468596729999998,4.864448547363281,three_branches_True_0.3_0.3_10.h5ad
0.43880192935466766,0.7037971560000003,4.672801971435547,2.486495677381754,0.12557985900000013,4.8653411865234375,three_branches_False_0.3_0.3_30.h5ad
2.1964598074555397,0.3290481509999985,2.1337738037109375,2.486495677381754,0.12557985900000013,4.8653411865234375,three_branches_True_0.3_0.3_30.h5ad
2.3735831193625927,0.7976465489999995,4.672914505004883,2.9322907850146294,0.1301559860000001,4.865996360778809,three_branches_False_0.3_0.3_50.h5ad
2.493213914334774,0.9156775470000014,4.671907424926758,2.999102346599102,0.14925340799999987,4.865286827087402,three_branches_False_0.3_0.3_70.h5ad
2.193323764950037,0.3297597529999994,2.1337738037109375,2.9322907850146294,0.1301559860000001,4.865996360778809,three_branches_True_0.3_0.3_50.h5ad
2.2236583344638348,0.36005169200000076,2.1338253021240234,2.999102346599102,0.14925340799999987,4.865286827087402,three_branches_True_0.3_0.3_70.h5ad
2.358337052166462,0.7607999330000013,4.692449569702148,2.583825293928385,0.1368147939999993,5.052611351013184,five_branches_False_0.7_0.9_10.h5ad
2.1946408674120903,0.3371714939999997,2.1542816162109375,2.583825293928385,0.1368147939999993,5.052611351013184,five_branches_True_0.7_0.9_10.h5ad
2.3508379943668842,0.760846625000001,4.692797660827637,2.6282299235463142,0.13911857599999955,5.051857948303223,five_branches_False_0.7_0.9_30.h5ad
2.2346683889627457,0.3142904170000005,2.1542835235595703,2.6282299235463142,0.13911857599999955,5.051857948303223,five_branches_True_0.7_0.9_30.h5ad
2.4318651147186756,0.8237573550000015,4.6942243576049805,2.777302846312523,0.15276879199999982,5.052001953125,five_branches_False_0.7_0.9_50.h5ad
2.3917355872690678,0.7938838360000009,4.692652702331543,2.825730863958597,0.17156336299999886,5.051876068115234,five_branches_False_0.7_0.9_70.h5ad
2.257955215871334,0.376855385999999,2.154299736022949,2.777302846312523,0.15276879199999982,5.052001953125,five_branches_True_0.7_0.9_50.h5ad
2.220149390399456,0.3532622930000002,2.1542768478393555,2.825730863958597,0.17156336299999886,5.051876068115234,five_branches_True_0.7_0.9_70.h5ad
,,,2.512501034885645,0.13501635100000087,4.740389823913574,five_branches_False_0.9_0.5_10.h5ad
2.3841216154396534,0.5152181549999995,2.141573905944824,2.512501034885645,0.13501635100000087,4.740389823913574,five_branches_True_0.9_0.5_10.h5ad
,,,2.5431660525500774,0.1343423260000005,4.740985870361328,five_branches_False_0.9_0.5_30.h5ad
2.4243914522230625,0.5000566539999998,2.141573905944824,2.5431660525500774,0.1343423260000005,4.740985870361328,five_branches_True_0.9_0.5_30.h5ad
,,,2.89419012889266,0.13722414699999952,4.740947723388672,five_branches_False_0.9_0.5_50.h5ad
,,,2.922759272158146,0.15624898799999976,4.740699768066406,five_branches_False_0.9_0.5_70.h5ad
2.3049327805638313,0.43406232100000075,2.1415271759033203,2.89419012889266,0.13722414699999952,4.740947723388672,five_branches_True_0.9_0.5_50.h5ad
2.2713065929710865,0.41001543500000004,2.141538619995117,2.922759272158146,0.15624898799999976,4.740699768066406,five_branches_True_0.9_0.5_70.h5ad
2.45929878950119,0.8852187820000008,4.679527282714844,2.5098344534635544,0.16433644200000153,4.940925598144531,five_branches_False_0.7_0.5_10.h5ad
2.2831649370491505,0.42367407600000107,2.140096664428711,2.5098344534635544,0.16433644200000153,4.940925598144531,five_branches_True_0.7_0.5_10.h5ad
2.493789367377758,0.9255112990000001,4.677978515625,2.6244795732200146,0.13351340700000058,4.941705703735352,five_branches_False_0.7_0.5_30.h5ad
2.2421209402382374,0.34970040299999994,2.139995574951172,2.6244795732200146,0.13351340700000058,4.941705703735352,five_branches_True_0.7_0.5_30.h5ad
0.5416206903755665,0.9619488319999991,4.678474426269531,3.218381389975548,0.16459258500000118,4.942217826843262,five_branches_False_0.7_0.5_50.h5ad
2.4604473561048508,0.8852100220000008,4.678186416625977,2.950006026774645,0.1505696210000007,4.941720962524414,five_branches_False_0.7_0.5_70.h5ad
2.2376051284372807,0.3649494579999999,2.140045166015625,3.218381389975548,0.16459258500000118,4.942217826843262,five_branches_True_0.7_0.5_50.h5ad
2.234427288174629,0.36168371599999993,2.140096664428711,2.950006026774645,0.1505696210000007,4.941720962524414,five_branches_True_0.7_0.5_70.h5ad
2.5214423909783363,0.9128907389999998,4.6677751541137695,2.623264417052269,0.13848071600000011,4.664033889770508,five_branches_False_0.7_0.3_30.h5ad
2.285763517022133,0.41207544599999935,2.129362106323242,2.623264417052269,0.13848071600000011,4.664033889770508,five_branches_True_0.7_0.3_30.h5ad
2.558154821395874,0.9498822419999993,4.667497634887695,2.7680146135389805,0.12209619400000093,4.663336753845215,five_branches_False_0.7_0.3_50.h5ad
2.2857359051704407,0.4175042540000007,2.1292829513549805,2.7680146135389805,0.12209619400000093,4.663336753845215,five_branches_True_0.7_0.3_50.h5ad
2.509773552417755,0.9107706950000001,4.667278289794922,2.9464931674301624,0.1504339269999999,4.663606643676758,five_branches_False_0.7_0.3_70.h5ad
2.523460492491722,0.9136937510000003,4.668516159057617,2.6836601346731186,0.13033448600000064,4.662839889526367,five_branches_False_0.7_0.3_10.h5ad
2.2830238938331604,0.41032838600000154,2.1292829513549805,2.9464931674301624,0.1504339269999999,4.663606643676758,five_branches_True_0.7_0.3_70.h5ad
2.2819622308015823,0.40778175400000016,2.129322052001953,2.6836601346731186,0.13033448600000064,4.662839889526367,five_branches_True_0.7_0.3_10.h5ad
,,,2.572620127350092,0.161534842,4.68255615234375,five_branches_False_0.3_0.1_10.h5ad
2.3609043173491955,0.4070168159999987,2.122091293334961,2.572620127350092,0.161534842,4.68255615234375,five_branches_True_0.3_0.1_10.h5ad
,,,2.666903894394636,0.13781841499999992,4.683432579040527,five_branches_False_0.3_0.1_30.h5ad
2.3012140467762947,0.40956219099999913,2.1222105026245117,2.666903894394636,0.13781841499999992,4.683432579040527,five_branches_True_0.3_0.1_30.h5ad
,,,2.7339224852621555,0.1310571490000001,4.6827497482299805,five_branches_False_0.3_0.1_50.h5ad
,,,2.711321357637644,0.1410138019999998,4.681912422180176,five_branches_False_0.3_0.1_70.h5ad
2.3003687784075737,0.4064816839999992,2.1221609115600586,2.7339224852621555,0.1310571490000001,4.6827497482299805,five_branches_True_0.3_0.1_50.h5ad
2.333488143980503,0.46933720900000075,2.1222105026245117,2.711321357637644,0.1410138019999998,4.681912422180176,five_branches_True_0.3_0.1_70.h5ad
,,,2.6485204957425594,0.11892714100000035,4.881943702697754,five_branches_False_0.9_0.9_10.h5ad
2.498858503997326,0.6149181040000009,2.548044204711914,2.6485204957425594,0.11892714100000035,4.881943702697754,five_branches_True_0.9_0.9_10.h5ad
,,,2.49391208589077,0.14240418099999985,4.882166862487793,five_branches_False_0.9_0.9_30.h5ad
2.4990608617663383,0.5580995240000011,2.5482263565063477,2.49391208589077,0.14240418099999985,4.882166862487793,five_branches_True_0.9_0.9_30.h5ad
,,,3.267191395163536,0.16310364799999988,4.882232666015625,five_branches_False_0.9_0.9_50.h5ad
,,,3.1420145370066166,0.14799237199999915,4.882564544677734,five_branches_False_0.9_0.9_70.h5ad
2.4080454520881176,0.4731673920000006,2.548208236694336,3.267191395163536,0.16310364799999988,4.882232666015625,five_branches_True_0.9_0.9_50.h5ad
2.404412593692541,0.4642640440000001,2.548039436340332,3.1420145370066166,0.14799237199999915,4.882564544677734,five_branches_True_0.9_0.9_70.h5ad
2.433654323220253,0.857099517,4.691326141357422,2.62666242942214,0.12389353400000047,5.126908302307129,five_branches_False_0.1_0.9_10.h5ad
2.191046953201294,0.3210283520000008,2.151714324951172,2.62666242942214,0.12389353400000047,5.126908302307129,five_branches_True_0.1_0.9_10.h5ad
2.4144927859306335,0.8465554639999997,4.6911468505859375,2.6466234624385834,0.13214897199999953,5.126590728759766,five_branches_False_0.1_0.9_30.h5ad
2.1945939920842648,0.32723609499999995,2.1517210006713867,2.6466234624385834,0.13214897199999953,5.126590728759766,five_branches_True_0.1_0.9_30.h5ad
2.4148652143776417,0.8473096519999999,4.689821243286133,2.906784310936928,0.1776109720000001,5.126866340637207,five_branches_False_0.1_0.9_50.h5ad
2.465864162892103,0.8886122079999996,4.690483093261719,2.7202342078089714,0.14935208200000005,5.127823829650879,five_branches_False_0.1_0.9_70.h5ad
2.19521376863122,0.32842795900000077,2.1517210006713867,2.906784310936928,0.1776109720000001,5.126866340637207,five_branches_True_0.1_0.9_50.h5ad
2.1938068754971027,0.32429853899999905,2.1516647338867188,2.7202342078089714,0.14935208200000005,5.127823829650879,five_branches_True_0.1_0.9_70.h5ad
2.487951382994652,0.8256236910000005,4.682904243469238,2.8389381654560566,0.15748514700000094,5.008121490478516,three_branches_False_0.5_0.7_30.h5ad
2.2304119616746902,0.3617157189999993,2.1437082290649414,2.8389381654560566,0.15748514700000094,5.008121490478516,three_branches_True_0.5_0.7_30.h5ad
2.3501093462109566,0.7153026570000005,4.683160781860352,2.5797979570925236,0.1473084060000005,5.008485794067383,three_branches_False_0.5_0.7_50.h5ad
2.202586993575096,0.3050168200000005,2.143827438354492,2.5797979570925236,0.1473084060000005,5.008485794067383,three_branches_True_0.5_0.7_50.h5ad
2.3444179631769657,0.7691550859999996,4.682828903198242,2.7464994937181473,0.15416844399999974,5.00888729095459,three_branches_False_0.5_0.7_70.h5ad
2.2933119274675846,0.6565179259999994,4.682391166687012,2.896486382931471,0.14574026300000043,5.008942604064941,three_branches_False_0.5_0.7_10.h5ad
2.1763766072690487,0.31010765100000093,2.1436567306518555,2.7464994937181473,0.15416844399999974,5.00888729095459,three_branches_True_0.5_0.7_70.h5ad
2.1820657961070538,0.3139575419999989,2.143777847290039,2.896486382931471,0.14574026300000043,5.008942604064941,three_branches_True_0.5_0.7_10.h5ad
0.3765924982726574,0.808996746,4.676587104797363,2.7246554158627987,0.14882593399999955,4.943377494812012,five_branches_False_0.3_0.5_10.h5ad
2.1993341222405434,0.3286127350000001,2.1386051177978516,2.7246554158627987,0.14882593399999955,4.943377494812012,five_branches_True_0.3_0.5_10.h5ad
2.342393394559622,0.7737844589999998,4.676726341247559,2.6518408432602882,0.12359295999999986,4.94249153137207,five_branches_False_0.3_0.5_30.h5ad
2.318432077765465,0.38249632600000005,2.1385421752929688,2.6518408432602882,0.12359295999999986,4.94249153137207,five_branches_True_0.3_0.5_30.h5ad
2.406697303056717,0.8293752239999996,4.677558898925781,2.7849098592996597,0.16849407299999974,4.942556381225586,five_branches_False_0.3_0.5_50.h5ad
2.306900329887867,0.6890441749999994,4.67779541015625,2.712966125458479,0.14525246400000036,4.942470550537109,five_branches_False_0.3_0.5_70.h5ad
2.195767443627119,0.3299530269999984,2.138490676879883,2.7849098592996597,0.16849407299999974,4.942556381225586,five_branches_True_0.3_0.5_50.h5ad
2.201055359095335,0.3421546840000005,2.1385536193847656,2.712966125458479,0.14525246400000036,4.942470550537109,five_branches_True_0.3_0.5_70.h5ad
2.374925132840872,0.7989359500000006,4.687392234802246,2.439446736127138,0.12618824300000142,5.083395004272461,five_branches_False_0.5_0.9_50.h5ad
2.221641670912504,0.35382045400000095,2.148365020751953,2.439446736127138,0.12618824300000142,5.083395004272461,five_branches_True_0.5_0.9_50.h5ad
2.365405198186636,0.7878340920000007,4.68743896484375,2.6069191470742226,0.1356451829999994,5.083083152770996,five_branches_False_0.5_0.9_70.h5ad
0.37081175297498703,0.7872329210000011,4.687433242797852,2.905966155230999,0.12548112800000055,5.082207679748535,five_branches_False_0.5_0.9_10.h5ad
2.27184247225523,0.42221607000000105,2.148427963256836,2.6069191470742226,0.1356451829999994,5.083083152770996,five_branches_True_0.5_0.9_70.h5ad
2.2041438221931458,0.3318040970000009,2.148263931274414,2.905966155230999,0.12548112800000055,5.082207679748535,five_branches_True_0.5_0.9_10.h5ad
2.470723457634449,0.8962261930000004,4.68680477142334,2.774164967238903,0.1529820449999999,5.081626892089844,five_branches_False_0.5_0.9_30.h5ad
,,,2.7628021351993084,0.15024705500000124,4.793845176696777,five_branches_False_0.5_0.1_70.h5ad
2.2797320038080215,0.4318672199999991,2.148387908935547,2.774164967238903,0.1529820449999999,5.081626892089844,five_branches_True_0.5_0.9_30.h5ad
0.3001254051923752,0.3931553920000006,2.12929630279541,2.7628021351993084,0.15024705500000124,4.793845176696777,five_branches_True_0.5_0.1_70.h5ad
,,,2.7290868163108826,0.1529350179999991,4.793892860412598,five_branches_False_0.5_0.1_50.h5ad
0.3026668429374695,0.39110112300000033,2.129244804382324,2.7290868163108826,0.1529350179999991,4.793892860412598,five_branches_True_0.5_0.1_50.h5ad
,,,2.605040345340967,0.1433491819999997,4.793447494506836,five_branches_False_0.5_0.1_10.h5ad
2.3267945013940334,0.4185382550000014,2.129420280456543,2.605040345340967,0.1433491819999997,4.793447494506836,five_branches_True_0.5_0.1_10.h5ad
,,,2.8744926154613495,0.13724074900000005,4.792975425720215,five_branches_False_0.5_0.1_30.h5ad
,,,3.1269343197345734,0.1269003229999992,4.801290512084961,five_branches_False_0.9_0.1_10.h5ad
2.3408762104809284,0.4383309190000002,2.1292428970336914,2.8744926154613495,0.13724074900000005,4.792975425720215,five_branches_True_0.5_0.1_30.h5ad
2.253687158226967,0.357225798,2.131075859069824,3.1269343197345734,0.1269003229999992,4.801290512084961,five_branches_True_0.9_0.1_10.h5ad
,,,2.9389115013182163,0.14303660899999926,4.802152633666992,five_branches_False_0.9_0.1_30.h5ad
2.257244795560837,0.3584695790000012,2.1310691833496094,2.9389115013182163,0.14303660899999926,4.802152633666992,five_branches_True_0.9_0.1_30.h5ad
,,,2.7784071192145348,0.17565105300000106,4.802106857299805,five_branches_False_0.9_0.1_50.h5ad
2.2419323474168777,0.3001958140000003,2.1309547424316406,2.7784071192145348,0.17565105300000106,4.802106857299805,five_branches_True_0.9_0.1_50.h5ad
,,,2.9474901780486107,0.14145159000000085,4.802300453186035,five_branches_False_0.9_0.1_70.h5ad
,,,3.321884546428919,0.15197717400000066,4.687524795532227,three_branches_False_0.9_0.1_70.h5ad
2.2605663649737835,0.36428409500000036,2.122709274291992,3.321884546428919,0.15197717400000066,4.687524795532227,three_branches_True_0.9_0.1_70.h5ad
2.259192854166031,0.3632931360000011,2.1309165954589844,2.9474901780486107,0.14145159000000085,4.802300453186035,five_branches_True_0.9_0.1_70.h5ad
,,,2.808492861688137,0.11659621900000161,4.687705993652344,three_branches_False_0.9_0.1_10.h5ad
2.2622785419225693,0.3557450759999998,2.1226062774658203,2.808492861688137,0.11659621900000161,4.687705993652344,three_branches_True_0.9_0.1_10.h5ad
,,,2.7540636770427227,0.1322960739999992,4.687699317932129,three_branches_False_0.9_0.1_30.h5ad
2.316201251000166,0.3520751640000004,2.122709274291992,2.7540636770427227,0.1322960739999992,4.687699317932129,three_branches_True_0.9_0.1_30.h5ad
,,,3.246437329798937,0.14356445499999992,4.687666893005371,three_branches_False_0.9_0.1_50.h5ad
2.269714992493391,0.37044307999999937,2.122709274291992,3.246437329798937,0.14356445499999992,4.687666893005371,three_branches_True_0.9_0.1_50.h5ad
2.541835218667984,0.9684077550000012,5.090965270996094,3.2479467876255512,0.1314448290000012,4.848280906677246,three_branches_False_0.1_0.1_10.h5ad
2.4724982269108295,0.627196420999999,2.537228584289551,3.2479467876255512,0.1314448290000012,4.848280906677246,three_branches_True_0.1_0.1_10.h5ad
2.579172931611538,0.9941905690000006,5.090860366821289,2.839253891259432,0.15318395999999979,4.846929550170898,three_branches_False_0.1_0.1_50.h5ad
2.3476575687527657,0.48440364900000077,2.537177085876465,2.839253891259432,0.15318395999999979,4.846929550170898,three_branches_True_0.1_0.1_50.h5ad
2.5290128141641617,0.9485975070000006,5.090211868286133,2.8258552961051464,0.11874947999999996,4.84721565246582,three_branches_False_0.1_0.1_30.h5ad
2.355379171669483,0.48864068199999977,2.537064552307129,2.8258552961051464,0.11874947999999996,4.84721565246582,three_branches_True_0.1_0.1_30.h5ad
2.5510406121611595,0.9797302600000002,5.090097427368164,2.5451599545776844,0.12625982800000024,4.847467422485352,three_branches_False_0.1_0.1_70.h5ad
2.369412127882242,0.5007918580000013,2.5373477935791016,2.5451599545776844,0.12625982800000024,4.847467422485352,three_branches_True_0.1_0.1_70.h5ad
2.562608640640974,0.965258651000001,5.134971618652344,2.6458870247006416,0.1274508369999996,4.989476203918457,five_branches_False_0.5_0.7_10.h5ad
2.371874500066042,0.5065182629999985,2.582122802734375,2.6458870247006416,0.1274508369999996,4.989476203918457,five_branches_True_0.5_0.7_10.h5ad
2.5488858707249165,0.930065625000001,5.135184288024902,2.496896654367447,0.13944235500000168,4.990230560302734,five_branches_False_0.5_0.7_50.h5ad
2.402565009891987,0.5371698410000008,2.582111358642578,2.496896654367447,0.13944235500000168,4.990230560302734,five_branches_True_0.5_0.7_50.h5ad
2.5552849285304546,0.9577519329999991,5.135709762573242,2.761008758097887,0.12553213600000035,4.9893999099731445,five_branches_False_0.5_0.7_70.h5ad
2.3621860295534134,0.49789302499999977,2.5822486877441406,2.761008758097887,0.12553213600000035,4.9893999099731445,five_branches_True_0.5_0.7_70.h5ad
2.5504966638982296,0.9628168959999996,5.134800910949707,2.9754279293119907,0.12852368399999925,4.989350318908691,five_branches_False_0.5_0.7_30.h5ad
,,,2.8869645074009895,0.11773823500000091,4.78385066986084,three_branches_False_0.7_0.1_10.h5ad
2.381714913994074,0.5157798600000003,2.1289873123168945,2.8869645074009895,0.11773823500000091,4.78385066986084,three_branches_True_0.7_0.1_10.h5ad
2.3589398190379143,0.4876398879999986,2.5819787979125977,2.9754279293119907,0.12852368399999925,4.989350318908691,five_branches_True_0.5_0.7_30.h5ad
,,,2.7914185114204884,0.1413559890000009,4.784027099609375,three_branches_False_0.7_0.1_50.h5ad
2.2647063098847866,0.3773513709999996,2.1290950775146484,2.7914185114204884,0.1413559890000009,4.784027099609375,three_branches_True_0.7_0.1_50.h5ad
,,,2.7475543469190598,0.13932822099999953,4.783217430114746,three_branches_False_0.7_0.1_30.h5ad
2.274993009865284,0.3812060939999995,2.1290369033813477,2.7475543469190598,0.13932822099999953,4.783217430114746,three_branches_True_0.7_0.1_30.h5ad
,,,3.2070108987390995,0.17285422299999986,4.784167289733887,three_branches_False_0.7_0.1_70.h5ad
0.466215793043375,0.863955399,4.671023368835449,3.1426582001149654,0.14372519299999986,4.844107627868652,five_branches_False_0.1_0.1_10.h5ad
2.354869332164526,0.44128898199999966,2.1290502548217773,3.2070108987390995,0.17285422299999986,4.784167289733887,three_branches_True_0.7_0.1_70.h5ad
2.2318013422191143,0.36535041700000015,2.1330909729003906,3.1426582001149654,0.14372519299999986,4.844107627868652,five_branches_True_0.1_0.1_10.h5ad
0.4369196631014347,0.8428850000000008,4.670976638793945,2.575017649680376,0.13911187800000135,4.843010902404785,five_branches_False_0.1_0.1_30.h5ad
2.241245023906231,0.36604233699999966,2.1332616806030273,2.575017649680376,0.13911187800000135,4.843010902404785,five_branches_True_0.1_0.1_30.h5ad
2.5036504566669464,0.9100976549999995,4.671436309814453,2.465146902948618,0.133844504999999,4.843442916870117,five_branches_False_0.1_0.1_50.h5ad
2.2356543950736523,0.36594519199999986,2.133213996887207,2.465146902948618,0.133844504999999,4.843442916870117,five_branches_True_0.1_0.1_50.h5ad
2.36549399420619,0.7829565210000009,4.672402381896973,2.41868644580245,0.10962059800000112,4.8444929122924805,five_branches_False_0.1_0.1_70.h5ad
2.224192149937153,0.3046257419999989,2.1331615447998047,2.41868644580245,0.10962059800000112,4.8444929122924805,five_branches_True_0.1_0.1_70.h5ad
