	4-5-2	4-5-3	4-1
cell1	0.5	0.5	0
cell2	0.5	0.5	0
cell3	0.5	0.5	0
cell4	0.5	0.5	0
cell5	0.5	0.5	0
cell6	0.5	0.5	0
cell7	0.5	0.5	0
cell8	0.5	0.5	0
cell9	0.5	0.5	0
cell10	0.5	0.5	0
cell11	0.5	0.5	0
cell12	0.5	0.5	0
cell13	0.5	0.5	0
cell14	0.5	0.5	0
cell15	0.5	0.5	0
cell16	0.5	0.5	0
cell17	0.5	0.5	0
cell18	0.5	0.5	0
cell19	0.5	0.5	0
cell20	0.5	0.5	0
cell21	0.5	0.5	0
cell22	0.5	0.5	0
cell23	0.5	0.5	0
cell24	0.5	0.5	0
cell25	0.5	0.5	0
cell26	0.5	0.5	0
cell27	0.5	0.5	0
cell28	0.5	0.5	0
cell29	0.5	0.5	0
cell30	0.5	0.5	0
cell31	0.5	0.5	0
cell32	0.5	0.5	0
cell33	0.5	0.5	0
cell34	0.5	0.5	0
cell35	0.5	0.5	0
cell36	0.5	0.5	0
cell37	0.5	0.5	0
cell38	0.5	0.5	0
cell39	0.5	0.5	0
cell40	0.5	0.5	0
cell41	0.5	0.5	0
cell42	0.5	0.5	0
cell43	0.5	0.5	0
cell44	0.5	0.5	0
cell45	0.5	0.5	0
cell46	0.5	0.5	0
cell47	0.5	0.5	0
cell48	0.5	0.5	0
cell49	0.5	0.5	0
cell50	0.5	0.5	0
cell51	0.5	0.5	0
cell52	0.5	0.5	0
cell53	0.5	0.5	0
cell54	0.5	0.5	0
cell55	0.5	0.5	0
cell56	0.5	0.5	0
cell57	0.5	0.5	0
cell58	0.5	0.5	0
cell59	0.5	0.5	0
cell60	0.5	0.5	0
cell61	0.5	0.5	0
cell62	0.5	0.5	0
cell63	0.5	0.5	0
cell64	0.5	0.5	0
cell65	0.5	0.5	0
cell66	0.5	0.5	0
cell67	0.5	0.5	0
cell68	0.5	0.5	0
cell69	0.5	0.5	0
cell70	0.5	0.5	0
cell71	0.5	0.5	0
cell72	0.5	0.5	0
cell73	0.5	0.5	0
cell74	0.5	0.5	0
cell75	0.5	0.5	0
cell76	0.5	0.5	0
cell77	0.5	0.5	0
cell78	0.5	0.5	0
cell79	0.5	0.5	0
cell80	0.5	0.5	0
cell81	0.5	0.5	0
cell82	0.5	0.5	0
cell83	0.5	0.5	0
cell84	0.5	0.5	0
cell85	0.5	0.5	0
cell86	0.5	0.5	0
cell87	0.5	0.5	0
cell88	0.5	0.5	0
cell89	0.5	0.5	0
cell90	0.5	0.5	0
cell91	0.5	0.5	0
cell92	0.5	0.5	0
cell93	0.5	0.5	0
cell94	0.5	0.5	0
cell95	0.5	0.5	0
cell96	0.5	0.5	0
cell97	0.5	0.5	0
cell98	0.5	0.5	0
cell99	0.5	0.5	0
cell100	0.5	0.5	0
cell101	0.5	0.5	0
cell102	0.5	0.5	0
cell103	0.5	0.5	0
cell104	0.5	0.5	0
cell105	0.5	0.5	0
cell106	0.5	0.5	0
cell107	0.5	0.5	0
cell108	0.5	0.5	0
cell109	0.5	0.5	0
cell110	0.5	0.5	0
cell111	0.5	0.5	0
cell112	0.5	0.5	0
cell113	0.5	0.5	0
cell114	0.5	0.5	0
cell115	0.5	0.5	0
cell116	0.5	0.5	0
cell117	0.5	0.5	0
cell118	0.5	0.5	0
cell119	0.5	0.5	0
cell120	0.5	0.5	0
cell121	0.5	0.5	0
cell122	0.5	0.5	0
cell123	0.5	0.5	0
cell124	0.5	0.5	0
cell125	0.5	0.5	0
cell126	0.5	0.5	0
cell127	0.5	0.5	0
cell128	0.5	0.5	0
cell129	0.5	0.5	0
cell130	0.5	0.5	0
cell131	0.5	0.5	0
cell132	0.5	0.5	0
cell133	0.5	0.5	0
cell134	0.5	0.5	0
cell135	0.5	0.5	0
cell136	0.5	0.5	0
cell137	0.5	0.5	0
cell138	0.5	0.5	0
cell139	0.5	0.5	0
cell140	0.5	0.5	0
cell141	0.5	0.5	0
cell142	0.5	0.5	0
cell143	0.5	0.5	0
cell144	0.5	0.5	0
cell145	0.5	0.5	0
cell146	0.5	0.5	0
cell147	0.5	0.5	0
cell148	0.5	0.5	0
cell149	0.5	0.5	0
cell150	0.5	0.5	0
cell151	0.5	0.5	0
cell152	0.5	0.5	0
cell153	0.5	0.5	0
cell154	0.5	0.5	0
cell155	0.5	0.5	0
cell156	0.5	0.5	0
cell157	0.5	0.5	0
cell158	0.5	0.5	0
cell159	0.5	0.5	0
cell160	0.5	0.5	0
cell161	0.5	0.5	0
cell162	0.5	0.5	0
cell163	0.5	0.5	0
cell164	0.5	0.5	0
cell165	0.5	0.5	0
cell166	0.5	0.5	0
cell167	0.5	0.5	0
cell168	0.5	0.5	0
cell169	0.5	0.5	0
cell170	0.5	0.5	0
cell171	0.5	0.5	0
cell172	0.5	0.5	0
cell173	0.5	0.5	0
cell174	0.5	0.5	0
cell175	0.5	0.5	0
cell176	0.5	0.5	0
cell177	0.5	0.5	0
cell178	0.5	0.5	0
cell179	0.5	0.5	0
cell180	0.5	0.5	0
cell181	0.5	0.5	0
cell182	0.5	0.5	0
cell183	0.5	0.5	0
cell184	0.5	0.5	0
cell185	0.5	0.5	0
cell186	0.5	0.5	0
cell187	0.5	0.5	0
cell188	0.5	0.5	0
cell189	0.5	0.5	0
cell190	0.5	0.5	0
cell191	0.5	0.5	0
cell192	0.5	0.5	0
cell193	0.5	0.5	0
cell194	0.5	0.5	0
cell195	0.5	0.5	0
cell196	0.5	0.5	0
cell197	0.5	0.5	0
cell198	0.5	0.5	0
cell199	0.5	0.5	0
cell200	0.5	0.5	0
cell201	0.5	0.5	0
cell202	1.0	0.0	0
cell203	1.0	0.0	0
cell204	1.0	0.0	0
cell205	1.0	0.0	0
cell206	1.0	0.0	0
cell207	1.0	0.0	0
cell208	1.0	0.0	0
cell209	1.0	0.0	0
cell210	1.0	0.0	0
cell211	1.0	0.0	0
cell212	1.0	0.0	0
cell213	1.0	0.0	0
cell214	1.0	0.0	0
cell215	1.0	0.0	0
cell216	1.0	0.0	0
cell217	1.0	0.0	0
cell218	1.0	0.0	0
cell219	1.0	0.0	0
cell220	1.0	0.0	0
cell221	1.0	0.0	0
cell222	1.0	0.0	0
cell223	1.0	0.0	0
cell224	1.0	0.0	0
cell225	1.0	0.0	0
cell226	1.0	0.0	0
cell227	1.0	0.0	0
cell228	1.0	0.0	0
cell229	1.0	0.0	0
cell230	1.0	0.0	0
cell231	1.0	0.0	0
cell232	1.0	0.0	0
cell233	1.0	0.0	0
cell234	1.0	0.0	0
cell235	1.0	0.0	0
cell236	1.0	0.0	0
cell237	1.0	0.0	0
cell238	1.0	0.0	0
cell239	1.0	0.0	0
cell240	1.0	0.0	0
cell241	1.0	0.0	0
cell242	1.0	0.0	0
cell243	1.0	0.0	0
cell244	1.0	0.0	0
cell245	1.0	0.0	0
cell246	1.0	0.0	0
cell247	1.0	0.0	0
cell248	1.0	0.0	0
cell249	1.0	0.0	0
cell250	1.0	0.0	0
cell251	1.0	0.0	0
cell252	1.0	0.0	0
cell253	1.0	0.0	0
cell254	1.0	0.0	0
cell255	1.0	0.0	0
cell256	1.0	0.0	0
cell257	1.0	0.0	0
cell258	1.0	0.0	0
cell259	1.0	0.0	0
cell260	1.0	0.0	0
cell261	1.0	0.0	0
cell262	1.0	0.0	0
cell263	1.0	0.0	0
cell264	1.0	0.0	0
cell265	1.0	0.0	0
cell266	1.0	0.0	0
cell267	1.0	0.0	0
cell268	1.0	0.0	0
cell269	1.0	0.0	0
cell270	1.0	0.0	0
cell271	1.0	0.0	0
cell272	1.0	0.0	0
cell273	1.0	0.0	0
cell274	1.0	0.0	0
cell275	1.0	0.0	0
cell276	1.0	0.0	0
cell277	1.0	0.0	0
cell278	1.0	0.0	0
cell279	1.0	0.0	0
cell280	1.0	0.0	0
cell281	1.0	0.0	0
cell282	1.0	0.0	0
cell283	1.0	0.0	0
cell284	1.0	0.0	0
cell285	1.0	0.0	0
cell286	1.0	0.0	0
cell287	1.0	0.0	0
cell288	1.0	0.0	0
cell289	1.0	0.0	0
cell290	1.0	0.0	0
cell291	1.0	0.0	0
cell292	1.0	0.0	0
cell293	1.0	0.0	0
cell294	1.0	0.0	0
cell295	1.0	0.0	0
cell296	1.0	0.0	0
cell297	1.0	0.0	0
cell298	1.0	0.0	0
cell299	1.0	0.0	0
cell300	1.0	0.0	0
cell301	1.0	0.0	0
cell302	1.0	0.0	0
cell303	1.0	0.0	0
cell304	1.0	0.0	0
cell305	1.0	0.0	0
cell306	1.0	0.0	0
cell307	1.0	0.0	0
cell308	1.0	0.0	0
cell309	1.0	0.0	0
cell310	1.0	0.0	0
cell311	1.0	0.0	0
cell312	1.0	0.0	0
cell313	1.0	0.0	0
cell314	1.0	0.0	0
cell315	1.0	0.0	0
cell316	1.0	0.0	0
cell317	1.0	0.0	0
cell318	1.0	0.0	0
cell319	1.0	0.0	0
cell320	1.0	0.0	0
cell321	1.0	0.0	0
cell322	1.0	0.0	0
cell323	1.0	0.0	0
cell324	1.0	0.0	0
cell325	1.0	0.0	0
cell326	1.0	0.0	0
cell327	1.0	0.0	0
cell328	1.0	0.0	0
cell329	1.0	0.0	0
cell330	1.0	0.0	0
cell331	1.0	0.0	0
cell332	1.0	0.0	0
cell333	1.0	0.0	0
cell334	1.0	0.0	0
cell335	1.0	0.0	0
cell336	1.0	0.0	0
cell337	1.0	0.0	0
cell338	1.0	0.0	0
cell339	1.0	0.0	0
cell340	1.0	0.0	0
cell341	1.0	0.0	0
cell342	1.0	0.0	0
cell343	1.0	0.0	0
cell344	1.0	0.0	0
cell345	1.0	0.0	0
cell346	1.0	0.0	0
cell347	1.0	0.0	0
cell348	1.0	0.0	0
cell349	1.0	0.0	0
cell350	1.0	0.0	0
cell351	1.0	0.0	0
cell352	1.0	0.0	0
cell353	1.0	0.0	0
cell354	1.0	0.0	0
cell355	1.0	0.0	0
cell356	1.0	0.0	0
cell357	1.0	0.0	0
cell358	1.0	0.0	0
cell359	1.0	0.0	0
cell360	1.0	0.0	0
cell361	1.0	0.0	0
cell362	1.0	0.0	0
cell363	1.0	0.0	0
cell364	1.0	0.0	0
cell365	1.0	0.0	0
cell366	1.0	0.0	0
cell367	1.0	0.0	0
cell368	1.0	0.0	0
cell369	1.0	0.0	0
cell370	1.0	0.0	0
cell371	1.0	0.0	0
cell372	1.0	0.0	0
cell373	1.0	0.0	0
cell374	1.0	0.0	0
cell375	1.0	0.0	0
cell376	1.0	0.0	0
cell377	1.0	0.0	0
cell378	1.0	0.0	0
cell379	1.0	0.0	0
cell380	1.0	0.0	0
cell381	1.0	0.0	0
cell382	1.0	0.0	0
cell383	1.0	0.0	0
cell384	1.0	0.0	0
cell385	1.0	0.0	0
cell386	1.0	0.0	0
cell387	1.0	0.0	0
cell388	1.0	0.0	0
cell389	1.0	0.0	0
cell390	1.0	0.0	0
cell391	1.0	0.0	0
cell392	1.0	0.0	0
cell393	1.0	0.0	0
cell394	1.0	0.0	0
cell395	1.0	0.0	0
cell396	1.0	0.0	0
cell397	1.0	0.0	0
cell398	1.0	0.0	0
cell399	1.0	0.0	0
cell400	1.0	0.0	0
cell401	1.0	0.0	0
cell402	1.0	0.0	0
cell403	0.0	1.0	0
cell404	0.0	1.0	0
cell405	0.0	1.0	0
cell406	0.0	1.0	0
cell407	0.0	1.0	0
cell408	0.0	1.0	0
cell409	0.0	1.0	0
cell410	0.0	1.0	0
cell411	0.0	1.0	0
cell412	0.0	1.0	0
cell413	0.0	1.0	0
cell414	0.0	1.0	0
cell415	0.0	1.0	0
cell416	0.0	1.0	0
cell417	0.0	1.0	0
cell418	0.0	1.0	0
cell419	0.0	1.0	0
cell420	0.0	1.0	0
cell421	0.0	1.0	0
cell422	0.0	1.0	0
cell423	0.0	1.0	0
cell424	0.0	1.0	0
cell425	0.0	1.0	0
cell426	0.0	1.0	0
cell427	0.0	1.0	0
cell428	0.0	1.0	0
cell429	0.0	1.0	0
cell430	0.0	1.0	0
cell431	0.0	1.0	0
cell432	0.0	1.0	0
cell433	0.0	1.0	0
cell434	0.0	1.0	0
cell435	0.0	1.0	0
cell436	0.0	1.0	0
cell437	0.0	1.0	0
cell438	0.0	1.0	0
cell439	0.0	1.0	0
cell440	0.0	1.0	0
cell441	0.0	1.0	0
cell442	0.0	1.0	0
cell443	0.0	1.0	0
cell444	0.0	1.0	0
cell445	0.0	1.0	0
cell446	0.0	1.0	0
cell447	0.0	1.0	0
cell448	0.0	1.0	0
cell449	0.0	1.0	0
cell450	0.0	1.0	0
cell451	0.0	1.0	0
cell452	0.0	1.0	0
cell453	0.0	1.0	0
cell454	0.0	1.0	0
cell455	0.0	1.0	0
cell456	0.0	1.0	0
cell457	0.0	1.0	0
cell458	0.0	1.0	0
cell459	0.0	1.0	0
cell460	0.0	1.0	0
cell461	0.0	1.0	0
cell462	0.0	1.0	0
cell463	0.0	1.0	0
cell464	0.0	1.0	0
cell465	0.0	1.0	0
cell466	0.0	1.0	0
cell467	0.0	1.0	0
cell468	0.0	1.0	0
cell469	0.0	1.0	0
cell470	0.0	1.0	0
cell471	0.0	1.0	0
cell472	0.0	1.0	0
cell473	0.0	1.0	0
cell474	0.0	1.0	0
cell475	0.0	1.0	0
cell476	0.0	1.0	0
cell477	0.0	1.0	0
cell478	0.0	1.0	0
cell479	0.0	1.0	0
cell480	0.0	1.0	0
cell481	0.0	1.0	0
cell482	0.0	1.0	0
cell483	0.0	1.0	0
cell484	0.0	1.0	0
cell485	0.0	1.0	0
cell486	0.0	1.0	0
cell487	0.0	1.0	0
cell488	0.0	1.0	0
cell489	0.0	1.0	0
cell490	0.0	1.0	0
cell491	0.0	1.0	0
cell492	0.0	1.0	0
cell493	0.0	1.0	0
cell494	0.0	1.0	0
cell495	0.0	1.0	0
cell496	0.0	1.0	0
cell497	0.0	1.0	0
cell498	0.0	1.0	0
cell499	0.0	1.0	0
cell500	0.0	1.0	0
cell501	0.0	1.0	0
cell502	0.0	1.0	0
cell503	0.0	1.0	0
cell504	0.0	1.0	0
cell505	0.0	1.0	0
cell506	0.0	1.0	0
cell507	0.0	1.0	0
cell508	0.0	1.0	0
cell509	0.0	1.0	0
cell510	0.0	1.0	0
cell511	0.0	1.0	0
cell512	0.0	1.0	0
cell513	0.0	1.0	0
cell514	0.0	1.0	0
cell515	0.0	1.0	0
cell516	0.0	1.0	0
cell517	0.0	1.0	0
cell518	0.0	1.0	0
cell519	0.0	1.0	0
cell520	0.0	1.0	0
cell521	0.0	1.0	0
cell522	0.0	1.0	0
cell523	0.0	1.0	0
cell524	0.0	1.0	0
cell525	0.0	1.0	0
cell526	0.0	1.0	0
cell527	0.0	1.0	0
cell528	0.0	1.0	0
cell529	0.0	1.0	0
cell530	0.0	1.0	0
cell531	0.0	1.0	0
cell532	0.0	1.0	0
cell533	0.0	1.0	0
cell534	0.0	1.0	0
cell535	0.0	1.0	0
cell536	0.0	1.0	0
cell537	0.0	1.0	0
cell538	0.0	1.0	0
cell539	0.0	1.0	0
cell540	0.0	1.0	0
cell541	0.0	1.0	0
cell542	0.0	1.0	0
cell543	0.0	1.0	0
cell544	0.0	1.0	0
cell545	0.0	1.0	0
cell546	0.0	1.0	0
cell547	0.0	1.0	0
cell548	0.0	1.0	0
cell549	0.0	1.0	0
cell550	0.0	1.0	0
cell551	0.0	1.0	0
cell552	0.0	1.0	0
cell553	0.0	1.0	0
cell554	0.0	1.0	0
cell555	0.0	1.0	0
cell556	0.0	1.0	0
cell557	0.0	1.0	0
cell558	0.0	1.0	0
cell559	0.0	1.0	0
cell560	0.0	1.0	0
cell561	0.0	1.0	0
cell562	0.0	1.0	0
cell563	0.0	1.0	0
cell564	0.0	1.0	0
cell565	0.0	1.0	0
cell566	0.0	1.0	0
cell567	0.0	1.0	0
cell568	0.0	1.0	0
cell569	0.0	1.0	0
cell570	0.0	1.0	0
cell571	0.0	1.0	0
cell572	0.0	1.0	0
cell573	0.0	1.0	0
cell574	0.0	1.0	0
cell575	0.0	1.0	0
cell576	0.0	1.0	0
cell577	0.0	1.0	0
cell578	0.0	1.0	0
cell579	0.0	1.0	0
cell580	0.0	1.0	0
cell581	0.0	1.0	0
cell582	0.0	1.0	0
cell583	0.0	1.0	0
cell584	0.0	1.0	0
cell585	0.0	1.0	0
cell586	0.0	1.0	0
cell587	0.0	1.0	0
cell588	0.0	1.0	0
cell589	0.0	1.0	0
cell590	0.0	1.0	0
cell591	0.0	1.0	0
cell592	0.0	1.0	0
cell593	0.0	1.0	0
cell594	0.0	1.0	0
cell595	0.0	1.0	0
cell596	0.0	1.0	0
cell597	0.0	1.0	0
cell598	0.0	1.0	0
cell599	0.0	1.0	0
cell600	0.0	1.0	0
cell601	0.0	1.0	0
cell602	0.0	1.0	0
cell603	0.0	1.0	0
cell604	0.0	0.0	1
cell605	0.0	0.0	1
cell606	0.0	0.0	1
cell607	0.0	0.0	1
cell608	0.0	0.0	1
cell609	0.0	0.0	1
cell610	0.0	0.0	1
cell611	0.0	0.0	1
cell612	0.0	0.0	1
cell613	0.0	0.0	1
cell614	0.0	0.0	1
cell615	0.0	0.0	1
cell616	0.0	0.0	1
cell617	0.0	0.0	1
cell618	0.0	0.0	1
cell619	0.0	0.0	1
cell620	0.0	0.0	1
cell621	0.0	0.0	1
cell622	0.0	0.0	1
cell623	0.0	0.0	1
cell624	0.0	0.0	1
cell625	0.0	0.0	1
cell626	0.0	0.0	1
cell627	0.0	0.0	1
cell628	0.0	0.0	1
cell629	0.0	0.0	1
cell630	0.0	0.0	1
cell631	0.0	0.0	1
cell632	0.0	0.0	1
cell633	0.0	0.0	1
cell634	0.0	0.0	1
cell635	0.0	0.0	1
cell636	0.0	0.0	1
cell637	0.0	0.0	1
cell638	0.0	0.0	1
cell639	0.0	0.0	1
cell640	0.0	0.0	1
cell641	0.0	0.0	1
cell642	0.0	0.0	1
cell643	0.0	0.0	1
cell644	0.0	0.0	1
cell645	0.0	0.0	1
cell646	0.0	0.0	1
cell647	0.0	0.0	1
cell648	0.0	0.0	1
cell649	0.0	0.0	1
cell650	0.0	0.0	1
cell651	0.0	0.0	1
cell652	0.0	0.0	1
cell653	0.0	0.0	1
cell654	0.0	0.0	1
cell655	0.0	0.0	1
cell656	0.0	0.0	1
cell657	0.0	0.0	1
cell658	0.0	0.0	1
cell659	0.0	0.0	1
cell660	0.0	0.0	1
cell661	0.0	0.0	1
cell662	0.0	0.0	1
cell663	0.0	0.0	1
cell664	0.0	0.0	1
cell665	0.0	0.0	1
cell666	0.0	0.0	1
cell667	0.0	0.0	1
cell668	0.0	0.0	1
cell669	0.0	0.0	1
cell670	0.0	0.0	1
cell671	0.0	0.0	1
cell672	0.0	0.0	1
cell673	0.0	0.0	1
cell674	0.0	0.0	1
cell675	0.0	0.0	1
cell676	0.0	0.0	1
cell677	0.0	0.0	1
cell678	0.0	0.0	1
cell679	0.0	0.0	1
cell680	0.0	0.0	1
cell681	0.0	0.0	1
cell682	0.0	0.0	1
cell683	0.0	0.0	1
cell684	0.0	0.0	1
cell685	0.0	0.0	1
cell686	0.0	0.0	1
cell687	0.0	0.0	1
cell688	0.0	0.0	1
cell689	0.0	0.0	1
cell690	0.0	0.0	1
cell691	0.0	0.0	1
cell692	0.0	0.0	1
cell693	0.0	0.0	1
cell694	0.0	0.0	1
cell695	0.0	0.0	1
cell696	0.0	0.0	1
cell697	0.0	0.0	1
cell698	0.0	0.0	1
cell699	0.0	0.0	1
cell700	0.0	0.0	1
cell701	0.0	0.0	1
cell702	0.0	0.0	1
cell703	0.0	0.0	1
cell704	0.0	0.0	1
cell705	0.0	0.0	1
cell706	0.0	0.0	1
cell707	0.0	0.0	1
cell708	0.0	0.0	1
cell709	0.0	0.0	1
cell710	0.0	0.0	1
cell711	0.0	0.0	1
cell712	0.0	0.0	1
cell713	0.0	0.0	1
cell714	0.0	0.0	1
cell715	0.0	0.0	1
cell716	0.0	0.0	1
cell717	0.0	0.0	1
cell718	0.0	0.0	1
cell719	0.0	0.0	1
cell720	0.0	0.0	1
cell721	0.0	0.0	1
cell722	0.0	0.0	1
cell723	0.0	0.0	1
cell724	0.0	0.0	1
cell725	0.0	0.0	1
cell726	0.0	0.0	1
cell727	0.0	0.0	1
cell728	0.0	0.0	1
cell729	0.0	0.0	1
cell730	0.0	0.0	1
cell731	0.0	0.0	1
cell732	0.0	0.0	1
cell733	0.0	0.0	1
cell734	0.0	0.0	1
cell735	0.0	0.0	1
cell736	0.0	0.0	1
cell737	0.0	0.0	1
cell738	0.0	0.0	1
cell739	0.0	0.0	1
cell740	0.0	0.0	1
cell741	0.0	0.0	1
cell742	0.0	0.0	1
cell743	0.0	0.0	1
cell744	0.0	0.0	1
cell745	0.0	0.0	1
cell746	0.0	0.0	1
cell747	0.0	0.0	1
cell748	0.0	0.0	1
cell749	0.0	0.0	1
cell750	0.0	0.0	1
cell751	0.0	0.0	1
cell752	0.0	0.0	1
cell753	0.0	0.0	1
cell754	0.0	0.0	1
cell755	0.0	0.0	1
cell756	0.0	0.0	1
cell757	0.0	0.0	1
cell758	0.0	0.0	1
cell759	0.0	0.0	1
cell760	0.0	0.0	1
cell761	0.0	0.0	1
cell762	0.0	0.0	1
cell763	0.0	0.0	1
cell764	0.0	0.0	1
cell765	0.0	0.0	1
cell766	0.0	0.0	1
cell767	0.0	0.0	1
cell768	0.0	0.0	1
cell769	0.0	0.0	1
cell770	0.0	0.0	1
cell771	0.0	0.0	1
cell772	0.0	0.0	1
cell773	0.0	0.0	1
cell774	0.0	0.0	1
cell775	0.0	0.0	1
cell776	0.0	0.0	1
cell777	0.0	0.0	1
cell778	0.0	0.0	1
cell779	0.0	0.0	1
cell780	0.0	0.0	1
cell781	0.0	0.0	1
cell782	0.0	0.0	1
cell783	0.0	0.0	1
cell784	0.0	0.0	1
cell785	0.0	0.0	1
cell786	0.0	0.0	1
cell787	0.0	0.0	1
cell788	0.0	0.0	1
cell789	0.0	0.0	1
cell790	0.0	0.0	1
cell791	0.0	0.0	1
cell792	0.0	0.0	1
cell793	0.0	0.0	1
cell794	0.0	0.0	1
cell795	0.0	0.0	1
cell796	0.0	0.0	1
cell797	0.0	0.0	1
cell798	0.0	0.0	1
cell799	0.0	0.0	1
cell800	0.0	0.0	1
cell801	0.0	0.0	1
cell802	0.0	0.0	1
cell803	0.0	0.0	1
cell804	0.0	0.0	1
cell805	0.0	0.0	1
cell806	0.0	0.0	1
cell807	0.0	0.0	1
cell808	0.0	0.0	1
cell809	0.0	0.0	1
cell810	0.0	0.0	1
cell811	0.0	0.0	1
cell812	0.0	0.0	1
cell813	0.0	0.0	1
cell814	0.0	0.0	1
cell815	0.0	0.0	1
cell816	0.0	0.0	1
cell817	0.0	0.0	1
cell818	0.0	0.0	1
cell819	0.0	0.0	1
cell820	0.0	0.0	1
cell821	0.0	0.0	1
cell822	0.0	0.0	1
cell823	0.0	0.0	1
cell824	0.0	0.0	1
cell825	0.0	0.0	1
cell826	0.0	0.0	1
cell827	0.0	0.0	1
cell828	0.0	0.0	1
cell829	0.0	0.0	1
cell830	0.0	0.0	1
cell831	0.0	0.0	1
cell832	0.0	0.0	1
cell833	0.0	0.0	1
cell834	0.0	0.0	1
cell835	0.0	0.0	1
cell836	0.0	0.0	1
cell837	0.0	0.0	1
cell838	0.0	0.0	1
cell839	0.0	0.0	1
cell840	0.0	0.0	1
cell841	0.0	0.0	1
cell842	0.0	0.0	1
cell843	0.0	0.0	1
cell844	0.0	0.0	1
cell845	0.0	0.0	1
cell846	0.0	0.0	1
cell847	0.0	0.0	1
cell848	0.0	0.0	1
cell849	0.0	0.0	1
cell850	0.0	0.0	1
cell851	0.0	0.0	1
cell852	0.0	0.0	1
cell853	0.0	0.0	1
cell854	0.0	0.0	1
cell855	0.0	0.0	1
cell856	0.0	0.0	1
cell857	0.0	0.0	1
cell858	0.0	0.0	1
cell859	0.0	0.0	1
cell860	0.0	0.0	1
cell861	0.0	0.0	1
cell862	0.0	0.0	1
cell863	0.0	0.0	1
cell864	0.0	0.0	1
cell865	0.0	0.0	1
cell866	0.0	0.0	1
cell867	0.0	0.0	1
cell868	0.0	0.0	1
cell869	0.0	0.0	1
cell870	0.0	0.0	1
cell871	0.0	0.0	1
cell872	0.0	0.0	1
cell873	0.0	0.0	1
cell874	0.0	0.0	1
cell875	0.0	0.0	1
cell876	0.0	0.0	1
cell877	0.0	0.0	1
cell878	0.0	0.0	1
cell879	0.0	0.0	1
cell880	0.0	0.0	1
cell881	0.0	0.0	1
cell882	0.0	0.0	1
cell883	0.0	0.0	1
cell884	0.0	0.0	1
cell885	0.0	0.0	1
cell886	0.0	0.0	1
cell887	0.0	0.0	1
cell888	0.0	0.0	1
cell889	0.0	0.0	1
cell890	0.0	0.0	1
cell891	0.0	0.0	1
cell892	0.0	0.0	1
cell893	0.0	0.0	1
cell894	0.0	0.0	1
cell895	0.0	0.0	1
cell896	0.0	0.0	1
cell897	0.0	0.0	1
cell898	0.0	0.0	1
cell899	0.0	0.0	1
cell900	0.0	0.0	1
cell901	0.0	0.0	1
cell902	0.0	0.0	1
cell903	0.0	0.0	1
cell904	0.0	0.0	1
cell905	0.0	0.0	1
cell906	0.0	0.0	1
cell907	0.0	0.0	1
cell908	0.0	0.0	1
cell909	0.0	0.0	1
cell910	0.0	0.0	1
cell911	0.0	0.0	1
cell912	0.0	0.0	1
cell913	0.0	0.0	1
cell914	0.0	0.0	1
cell915	0.0	0.0	1
cell916	0.0	0.0	1
cell917	0.0	0.0	1
cell918	0.0	0.0	1
cell919	0.0	0.0	1
cell920	0.0	0.0	1
cell921	0.0	0.0	1
cell922	0.0	0.0	1
cell923	0.0	0.0	1
cell924	0.0	0.0	1
cell925	0.0	0.0	1
cell926	0.0	0.0	1
cell927	0.0	0.0	1
cell928	0.0	0.0	1
cell929	0.0	0.0	1
cell930	0.0	0.0	1
cell931	0.0	0.0	1
cell932	0.0	0.0	1
cell933	0.0	0.0	1
cell934	0.0	0.0	1
cell935	0.0	0.0	1
cell936	0.0	0.0	1
cell937	0.0	0.0	1
cell938	0.0	0.0	1
cell939	0.0	0.0	1
cell940	0.0	0.0	1
cell941	0.0	0.0	1
cell942	0.0	0.0	1
cell943	0.0	0.0	1
cell944	0.0	0.0	1
cell945	0.0	0.0	1
cell946	0.0	0.0	1
cell947	0.0	0.0	1
cell948	0.0	0.0	1
cell949	0.0	0.0	1
cell950	0.0	0.0	1
cell951	0.0	0.0	1
cell952	0.0	0.0	1
cell953	0.0	0.0	1
cell954	0.0	0.0	1
cell955	0.0	0.0	1
cell956	0.0	0.0	1
cell957	0.0	0.0	1
cell958	0.0	0.0	1
cell959	0.0	0.0	1
cell960	0.0	0.0	1
cell961	0.0	0.0	1
cell962	0.0	0.0	1
cell963	0.0	0.0	1
cell964	0.0	0.0	1
cell965	0.0	0.0	1
cell966	0.0	0.0	1
cell967	0.0	0.0	1
cell968	0.0	0.0	1
cell969	0.0	0.0	1
cell970	0.0	0.0	1
cell971	0.0	0.0	1
cell972	0.0	0.0	1
cell973	0.0	0.0	1
cell974	0.0	0.0	1
cell975	0.0	0.0	1
cell976	0.0	0.0	1
cell977	0.0	0.0	1
cell978	0.0	0.0	1
cell979	0.0	0.0	1
cell980	0.0	0.0	1
cell981	0.0	0.0	1
cell982	0.0	0.0	1
cell983	0.0	0.0	1
cell984	0.0	0.0	1
cell985	0.0	0.0	1
cell986	0.0	0.0	1
cell987	0.0	0.0	1
cell988	0.0	0.0	1
cell989	0.0	0.0	1
cell990	0.0	0.0	1
cell991	0.0	0.0	1
cell992	0.0	0.0	1
cell993	0.0	0.0	1
cell994	0.0	0.0	1
cell995	0.0	0.0	1
cell996	0.0	0.0	1
cell997	0.0	0.0	1
cell998	0.0	0.0	1
cell999	0.0	0.0	1
cell1000	0.0	0.0	1
