	ExM	mGPC, OPC
hft_ctx_w21_dc1r3_r1_AGGTCCGGTGACCTGG	0.0	0.9999999999999952
hft_ctx_w21_dc1r3_r1_CATAATCCATTGTCAG	0.0	0.9999999999999951
hft_ctx_w21_dc1r3_r1_CATAGGCGTGTTGCTT	0.0	0.9999999999999947
hft_ctx_w21_dc1r3_r1_CATCACACAGGCAAGC	0.0	0.9999999999999951
hft_ctx_w21_dc1r3_r1_CGAGCGAAGTTAACCA	0.0	0.999999999999995
hft_ctx_w21_dc1r3_r1_CTGGCTAAGGACAATG	0.0	0.999999999999995
hft_ctx_w21_dc1r3_r1_GATTCAATCAATTGGC	0.0	0.999999999999995
hft_ctx_w21_dc1r3_r1_GGTCATTAGCGATACT	0.0	0.9999999999999953
hft_ctx_w21_dc1r3_r1_GTCCTAGAGCTATTAG	0.0	0.9999999999999949
hft_ctx_w21_dc1r3_r1_TTAGGCGTCCTGGTGA	0.0	0.9999999999999952
hft_ctx_w21_dc2r2_r1_ACGAATCTCGCAATCG	0.0	0.9999999999999962
hft_ctx_w21_dc2r2_r1_AGATGAAGTAGACAAA	0.0	0.9999999999999956
hft_ctx_w21_dc2r2_r1_AGGAACCAGTTTGGGT	0.0	0.9999999999999952
hft_ctx_w21_dc2r2_r1_ATGTTCAAGAGAGGCT	0.0	0.9999999999999952
hft_ctx_w21_dc2r2_r1_ATTGACTCACAGCCTG	0.0	0.9999999999999953
hft_ctx_w21_dc2r2_r1_CATCCTCAGCGAGGTG	0.0	0.9999999999999953
hft_ctx_w21_dc2r2_r1_CCTGAATAGTAGCGCC	0.0	0.9999999999999951
hft_ctx_w21_dc2r2_r1_CCTTACTCATATAACC	0.0	0.9999999999999951
hft_ctx_w21_dc2r2_r1_CGATGTCCAATGAATG	0.0	0.999999999999995
hft_ctx_w21_dc2r2_r1_CGCTACTTCCGGAACC	0.0	0.9999999999999953
hft_ctx_w21_dc2r2_r1_GAAGTGATCATTGACA	0.0	0.9999999999999949
hft_ctx_w21_dc2r2_r1_GAGTAATAGGCCTTAG	0.0	0.999999999999995
hft_ctx_w21_dc2r2_r1_GAGTTGCGTAGTTAAC	0.0	0.9999999999999953
hft_ctx_w21_dc2r2_r1_GCAAGTCGTAAGGTTT	0.0	0.9999999999999951
hft_ctx_w21_dc2r2_r1_GGTCCTGCATAGCTTG	0.0	0.9999999999999954
hft_ctx_w21_dc2r2_r1_TAATGGACATCCTGAA	0.0	0.9999999999999953
hft_ctx_w21_dc2r2_r1_TACCGTTGTTGCAGTA	0.0	0.9999999999999952
hft_ctx_w21_dc2r2_r1_TACCTCATCGCGCTAA	0.0	0.9999999999999956
hft_ctx_w21_dc2r2_r1_TAGCTAATCTGTGCCT	0.0	0.999999999999995
hft_ctx_w21_dc2r2_r1_TAGTAGGAGTTAGCCG	0.0	0.9999999999999953
hft_ctx_w21_dc2r2_r1_TCAGTAGGTAATCCCT	0.0	0.9999999999999949
hft_ctx_w21_dc2r2_r1_TGACTTAAGGACGTAA	0.0	0.9999999999999962
hft_ctx_w21_dc2r2_r1_TGTAACTCAAACTAAG	0.0	0.9999999999999956
hft_ctx_w21_dc2r2_r1_TGTGGCTCATTAGGTT	0.0	0.9999999999999953
hft_ctx_w21_dc2r2_r1_TTACAGCAGGCAACAA	0.0	0.999999999999995
hft_ctx_w21_dc2r2_r1_TTAGCCTGTTAGTTGG	0.0	0.999999999999995
hft_ctx_w21_dc2r2_r1_TTAGGATGTGTTCCCA	0.0	0.9999999999999951
hft_ctx_w21_dc2r2_r2_ATTCCTAGTGCTGTAA	0.0	0.999999999999995
hft_ctx_w21_dc2r2_r2_CCACAGGGTGGACCTG	0.0	0.9999999999999952
hft_ctx_w21_dc2r2_r2_GATTGATGTCGCAATA	0.0	0.9999999999999953
hft_ctx_w21_dc2r2_r2_GCTAGCCAGTAAGAAC	0.0	0.999999999999996
hft_ctx_w21_dc2r2_r2_GCTTAAATCCTCCCTC	0.0	0.9999999999999951
hft_ctx_w21_dc2r2_r2_TAAGTAGCATGGCCTG	0.0	0.999999999999996
hft_ctx_w21_dc2r2_r2_TATGGCCCAATCGCAC	0.0	0.9999999999999949
hft_ctx_w21_dc2r2_r2_TGAAGGATCCGCAAAT	0.0	0.9999999999999952
hft_ctx_w21_dc2r2_r2_TGATGAACAGGCGAGT	0.0	0.9999999999999951
hft_ctx_w21_dc2r2_r2_TGTGCAAGTGCTCCAC	0.0	0.9999999999999962
hft_ctx_w21_dc2r2_r2_TTAGGCCCATAGGCGA	0.0	0.9999999999999951
