run_wall_time,run_cpu_time,run_mem_peak,code
53.542919017374516,9.842395681000001,27.688261032104492,five_branches_False_0.1_0.7_70.h5ad
53.77387856319547,9.790806739999999,25.437015533447266,three_branches_False_0.1_0.9_10.h5ad
54.23513462767005,9.766703084000001,26.940549850463867,five_branches_False_0.1_0.7_50.h5ad
54.3467489592731,9.765073305000001,26.27785015106201,three_branches_False_0.1_0.9_30.h5ad
54.390281714499,9.806781363,27.68234348297119,three_branches_False_0.7_0.7_70.h5ad
54.866852808743715,9.536347001,26.357935905456543,three_branches_False_0.7_0.7_30.h5ad
55.39340507611632,10.140831711,25.799145698547363,three_branches_False_0.7_0.7_10.h5ad
54.48594990372658,9.324067851,27.008597373962402,three_branches_False_0.7_0.7_50.h5ad
54.68490229919553,9.676300823,25.471123695373535,five_branches_False_0.1_0.7_10.h5ad
54.915918439626694,9.609591252000001,26.210776329040527,five_branches_False_0.1_0.7_30.h5ad
3.3829820938408375,2.889561137000001,12.852984428405762,three_branches_True_0.1_0.9_10.h5ad
3.185334276407957,2.9711004039999978,13.601116180419922,three_branches_True_0.1_0.9_30.h5ad
2.8795361258089542,2.9080602310000003,11.932891845703125,three_branches_True_0.7_0.7_10.h5ad
2.6148461177945137,3.021957523000001,13.731132507324219,three_branches_True_0.7_0.7_50.h5ad
3.0598408728837967,2.953462837,15.122502326965332,five_branches_True_0.1_0.7_50.h5ad
3.2314304001629353,3.055197446000001,12.981964111328125,three_branches_True_0.7_0.7_30.h5ad
3.082949746400118,3.022262216999998,14.520564079284668,three_branches_True_0.7_0.7_70.h5ad
3.5168288201093674,3.155554446,15.719711303710938,five_branches_True_0.1_0.7_70.h5ad
2.561524137854576,3.0569494000000006,13.301915168762207,five_branches_True_0.1_0.7_10.h5ad
2.4318349435925484,3.051800955000001,13.95411491394043,five_branches_True_0.1_0.7_30.h5ad
47.3952905908227,9.241970706999998,27.014249801635742,three_branches_False_0.1_0.9_50.h5ad
51.50280963256955,9.352076768999998,27.74325656890869,three_branches_False_0.1_0.9_70.h5ad
52.702996861189604,9.462604400000002,27.747286796569824,three_branches_False_0.3_0.9_70.h5ad
53.519940696656704,9.576424247000002,26.329586029052734,three_branches_False_0.3_0.9_30.h5ad
53.89186083525419,9.66984571,27.009939193725586,three_branches_False_0.3_0.9_50.h5ad
6.280016243457794,3.0299918450000014,14.316695213317871,three_branches_True_0.1_0.9_50.h5ad
54.38122369349003,9.696591536,25.600991249084473,three_branches_False_0.3_0.9_10.h5ad
53.93369874358177,9.537601371000001,27.16208839416504,three_branches_False_0.9_0.3_50.h5ad
55.933681417256594,9.773297436000002,32.69145107269287,three_branches_False_0.9_0.3_10.h5ad
53.4221129976213,9.728612730000002,27.915708541870117,three_branches_False_0.9_0.3_70.h5ad
55.37116385996342,9.652669122,33.309722900390625,three_branches_False_0.9_0.3_30.h5ad
4.141204349696636,3.0540596429999987,15.317779541015625,three_branches_True_0.1_0.9_70.h5ad
3.975359007716179,3.0139585800000006,15.242650032043457,three_branches_True_0.3_0.9_70.h5ad
3.962657030671835,3.005167530999998,13.455891609191895,three_branches_True_0.3_0.9_30.h5ad
3.446005016565323,2.9813688329999977,13.891911506652832,three_branches_True_0.9_0.3_50.h5ad
3.70171332731843,3.015989975,14.366447448730469,three_branches_True_0.3_0.9_50.h5ad
4.038366563618183,3.027328892,12.912369728088379,three_branches_True_0.3_0.9_10.h5ad
3.162125166505575,3.0424166049999997,14.847187042236328,three_branches_True_0.9_0.3_70.h5ad
4.302673690021038,3.3195547129999987,16.66676425933838,three_branches_True_0.9_0.3_30.h5ad
4.175386738032103,3.543500120000001,16.050169944763184,three_branches_True_0.9_0.3_10.h5ad
34.01270600408316,9.165700185000002,32.525370597839355,five_branches_False_0.3_0.3_10.h5ad
39.7455936037004,9.368233994,26.462982177734375,five_branches_False_0.3_0.3_30.h5ad
51.03118992969394,9.815799622999998,27.753501892089844,three_branches_False_0.1_0.5_70.h5ad
14.827174201607704,3.5535340570000002,15.875775337219238,five_branches_True_0.3_0.3_10.h5ad
52.39929835870862,9.965680069000001,26.357025146484375,three_branches_False_0.1_0.5_30.h5ad
51.05320564284921,9.923543918,26.271952629089355,three_branches_False_0.5_0.9_30.h5ad
53.70512265339494,9.896871159,27.073342323303223,three_branches_False_0.1_0.5_50.h5ad
53.41766296327114,9.556047407,27.29360008239746,five_branches_False_0.3_0.3_50.h5ad
52.802370354533195,9.682091838999998,28.059809684753418,five_branches_False_0.3_0.3_70.h5ad
6.588958956301212,3.139374668000002,12.486413955688477,five_branches_True_0.3_0.3_30.h5ad
57.676745761185884,9.855253964000001,25.723355293273926,three_branches_False_0.1_0.5_10.h5ad
4.781302817165852,3.2090947150000027,14.572898864746094,three_branches_True_0.1_0.5_70.h5ad
3.943358339369297,3.0501636600000026,12.795831680297852,three_branches_True_0.5_0.9_30.h5ad
4.0365554094314575,3.1064720180000016,13.897451400756836,three_branches_True_0.1_0.5_50.h5ad
57.75249636918306,10.180724919,25.50386905670166,three_branches_False_0.5_0.9_10.h5ad
4.7577075734734535,3.142133176999998,13.2588472366333,three_branches_True_0.1_0.5_30.h5ad
4.252412639558315,2.986290726,13.371298789978027,five_branches_True_0.3_0.3_50.h5ad
3.8051681146025658,3.1207844630000032,12.256946563720703,three_branches_True_0.1_0.5_10.h5ad
4.855190102010965,3.2316359299999995,14.77272891998291,five_branches_True_0.3_0.3_70.h5ad
4.902606591582298,3.1314755759999997,12.215141296386719,three_branches_True_0.5_0.9_10.h5ad
32.12630545347929,8.897834389999998,27.792046546936035,three_branches_False_0.5_0.9_70.h5ad
37.63611954823136,8.876592969,27.06065845489502,three_branches_False_0.5_0.9_50.h5ad
15.336589239537716,3.40420198,14.087356567382812,three_branches_True_0.5_0.9_70.h5ad
49.37732685357332,9.329738706,25.69500160217285,three_branches_False_0.7_0.9_10.h5ad
14.52154603600502,3.518530103,13.390508651733398,three_branches_True_0.5_0.9_50.h5ad
52.38722937181592,9.868158588,27.74767780303955,three_branches_False_0.3_0.5_70.h5ad
55.080408208072186,9.865049697999998,26.461323738098145,three_branches_False_0.7_0.9_30.h5ad
56.667186453938484,10.044757206,27.187329292297363,three_branches_False_0.7_0.9_50.h5ad
54.86568954214454,9.955442686999998,27.848045349121094,three_branches_False_0.7_0.9_70.h5ad
53.26985615864396,10.007603727000003,26.983277320861816,three_branches_False_0.3_0.5_50.h5ad
55.69124702736735,9.991632545,25.544596672058105,three_branches_False_0.3_0.5_10.h5ad
57.1351746879518,10.066552565,26.206640243530273,three_branches_False_0.3_0.5_30.h5ad
3.6606938131153584,3.1223304730000017,12.744634628295898,three_branches_True_0.7_0.9_10.h5ad
3.757960543036461,3.245994104000001,14.196878433227539,three_branches_True_0.3_0.5_70.h5ad
3.574657592922449,3.2636269700000007,14.018091201782227,three_branches_True_0.7_0.9_50.h5ad
3.320472866296768,3.170476774000001,13.311552047729492,three_branches_True_0.7_0.9_30.h5ad
3.07146155834198,3.1681699069999993,13.450601577758789,three_branches_True_0.3_0.5_50.h5ad
3.5340731889009476,3.281229167000003,12.636453628540039,three_branches_True_0.3_0.5_30.h5ad
3.586683504283428,3.3266915320000017,15.030339241027832,three_branches_True_0.7_0.9_70.h5ad
4.188145007938147,3.3381868440000027,12.128620147705078,three_branches_True_0.3_0.5_10.h5ad
26.413183875381947,9.535859816,32.56066131591797,five_branches_False_0.7_0.7_10.h5ad
29.879186909645796,9.225566945,26.43552875518799,five_branches_False_0.7_0.7_30.h5ad
13.501335207372904,3.252642258999998,15.903011322021484,five_branches_True_0.7_0.7_10.h5ad
42.26652303338051,9.714299117,27.135433197021484,five_branches_False_0.7_0.7_50.h5ad
5.577753886580467,2.9836630190000015,11.93587875366211,five_branches_True_0.7_0.7_30.h5ad
55.4295493029058,9.91158335,25.662198066711426,three_branches_False_0.1_0.7_10.h5ad
52.8209485411644,9.909536218,27.800240516662598,five_branches_False_0.7_0.7_70.h5ad
56.66879615187645,9.889106165000001,27.248873710632324,three_branches_False_0.1_0.7_50.h5ad
7.194919008761644,3.0970392930000017,13.275739669799805,five_branches_True_0.7_0.7_50.h5ad
57.34644291549921,9.887467542999998,26.445170402526855,three_branches_False_0.1_0.7_30.h5ad
55.399109072983265,9.936493400000002,25.74380111694336,five_branches_False_0.3_0.7_10.h5ad
53.94860511645675,10.001455009999999,26.34797954559326,five_branches_False_0.3_0.7_30.h5ad
56.6889510191977,10.020544089,27.93233585357666,three_branches_False_0.1_0.7_70.h5ad
3.95925772190094,3.078538677000001,11.269744873046875,three_branches_True_0.1_0.7_10.h5ad
3.686164904385805,3.2226874579999993,12.787018775939941,three_branches_True_0.1_0.7_50.h5ad
3.4727963507175446,3.109384778999999,12.057193756103516,three_branches_True_0.1_0.7_30.h5ad
3.9456361792981625,3.264457836000002,13.765002250671387,five_branches_True_0.7_0.7_70.h5ad
3.257473673671484,3.1051243170000014,11.424352645874023,five_branches_True_0.3_0.7_10.h5ad
2.785876151174307,3.1402696650000017,12.94721794128418,five_branches_True_0.3_0.7_30.h5ad
3.4969515688717365,3.41502152,13.892126083374023,three_branches_True_0.1_0.7_70.h5ad
29.269578587263823,9.602578288000002,27.011927604675293,five_branches_False_0.3_0.7_50.h5ad
28.688099320977926,9.293889814,27.724966049194336,five_branches_False_0.3_0.7_70.h5ad
32.88103174418211,9.496462132999998,25.70414924621582,five_branches_False_0.3_0.9_10.h5ad
49.36716019362211,9.839793,25.619243621826172,three_branches_False_0.9_0.7_10.h5ad
12.658423583954573,3.3116794649999974,14.919990539550781,five_branches_True_0.3_0.7_70.h5ad
12.493184361606836,3.3229510960000006,14.16818904876709,five_branches_True_0.3_0.7_50.h5ad
50.03101244941354,9.885333731,27.836033821105957,three_branches_False_0.9_0.7_70.h5ad
9.84506555646658,3.249536080000002,12.333328247070312,five_branches_True_0.3_0.9_10.h5ad
50.525632444769144,9.891910594999999,26.341017723083496,three_branches_False_0.9_0.7_30.h5ad
53.84070310369134,10.707667837999999,27.094904899597168,five_branches_False_0.3_0.9_50.h5ad
51.665346939116716,10.000452097999998,26.37946605682373,five_branches_False_0.3_0.9_30.h5ad
52.459792744368315,10.621375584,27.79936695098877,five_branches_False_0.3_0.9_70.h5ad
5.343578536063433,3.0817731760000022,11.758219718933105,three_branches_True_0.9_0.7_10.h5ad
51.88345105573535,9.971503066999999,27.098114013671875,three_branches_False_0.9_0.7_50.h5ad
3.8015947304666042,2.886669777999998,14.658370018005371,three_branches_True_0.9_0.7_70.h5ad
3.237089369446039,2.9886195929999992,13.060349464416504,three_branches_True_0.9_0.7_30.h5ad
3.450438480824232,3.129779113999998,13.252893447875977,five_branches_True_0.3_0.9_30.h5ad
3.211756933480501,3.1138659639999986,13.68913459777832,three_branches_True_0.9_0.7_50.h5ad
4.712480366230011,3.9481174820000007,14.909245491027832,five_branches_True_0.3_0.9_70.h5ad
6.188003774732351,4.046009952999999,14.400431632995605,five_branches_True_0.3_0.9_50.h5ad
35.553597401827574,9.548315181000001,25.671380043029785,five_branches_False_0.5_0.3_10.h5ad
34.2830166220665,9.782862931999999,26.46553611755371,five_branches_False_0.5_0.3_30.h5ad
32.84514371305704,9.329961672,27.087939262390137,five_branches_False_0.5_0.3_50.h5ad
52.93399294838309,9.902423097,25.41280460357666,five_branches_False_0.1_0.3_10.h5ad
52.7541074603796,10.036392004,26.198110580444336,five_branches_False_0.1_0.3_30.h5ad
13.331074807792902,3.293121825,11.51876449584961,five_branches_True_0.5_0.3_10.h5ad
52.83362576738,10.038146871,26.899518966674805,five_branches_False_0.1_0.3_50.h5ad
11.834973260760307,3.328738830999999,13.494047164916992,five_branches_True_0.5_0.3_50.h5ad
50.52126769348979,9.843580305000001,25.690112113952637,three_branches_False_0.1_0.3_10.h5ad
51.90925117954612,9.906485349,27.67147445678711,five_branches_False_0.1_0.3_70.h5ad
56.53867665305734,9.895184638999998,27.797101974487305,five_branches_False_0.5_0.3_70.h5ad
11.879294652491808,3.36687946,13.186095237731934,five_branches_True_0.5_0.3_30.h5ad
52.70052094385028,9.857646841000001,26.32345485687256,three_branches_False_0.1_0.3_30.h5ad
3.669817443937063,3.1656676300000015,13.2359619140625,five_branches_True_0.1_0.3_10.h5ad
4.126089360564947,3.1979635920000007,13.885880470275879,five_branches_True_0.1_0.3_30.h5ad
4.916404940187931,3.121069464999998,14.66666030883789,five_branches_True_0.1_0.3_50.h5ad
4.203769292682409,3.0089191589999977,11.959754943847656,three_branches_True_0.1_0.3_10.h5ad
3.4888734444975853,3.0798528519999984,12.827842712402344,three_branches_True_0.1_0.3_30.h5ad
3.5564375184476376,3.0392947270000015,14.231526374816895,five_branches_True_0.5_0.3_70.h5ad
4.668507941067219,3.055733042,14.828968048095703,five_branches_True_0.1_0.3_70.h5ad
32.22213652729988,9.041871285000001,27.024910926818848,three_branches_False_0.1_0.3_50.h5ad
47.85352437198162,9.279888078,25.550785064697266,three_branches_False_0.5_0.3_10.h5ad
49.07053368538618,9.610892512,27.692880630493164,three_branches_False_0.1_0.3_70.h5ad
12.907636914402246,3.385675892000002,13.728958129882812,three_branches_True_0.1_0.3_50.h5ad
50.948708329349756,9.803372587,26.32970428466797,five_branches_False_0.9_0.7_30.h5ad
48.02094701305032,9.403777054999999,26.338627815246582,three_branches_False_0.5_0.3_30.h5ad
53.615919556468725,9.836669443,27.913458824157715,three_branches_False_0.5_0.3_70.h5ad
53.808816738426685,9.552164459999998,25.546338081359863,five_branches_False_0.9_0.7_10.h5ad
54.835264682769775,9.628077613999999,27.09143829345703,three_branches_False_0.5_0.3_50.h5ad
5.971187651157379,3.1514649189999986,12.12706184387207,three_branches_True_0.5_0.3_10.h5ad
54.716986168175936,9.926655516999999,26.997955322265625,five_branches_False_0.9_0.7_50.h5ad
54.691764794290066,9.974072856000001,27.717395782470703,five_branches_False_0.9_0.7_70.h5ad
5.134534023702145,3.008392630000003,14.411312103271484,three_branches_True_0.1_0.3_70.h5ad
4.561351262032986,3.0037327260000026,13.125412940979004,five_branches_True_0.9_0.7_30.h5ad
3.9510695450007915,2.975607026999999,13.145465850830078,three_branches_True_0.5_0.3_50.h5ad
5.115664970129728,2.9586740070000026,12.988839149475098,three_branches_True_0.5_0.3_30.h5ad
3.3676107190549374,2.846257346999998,11.791535377502441,five_branches_True_0.9_0.7_10.h5ad
5.216933906078339,3.106928889999999,14.942252159118652,three_branches_True_0.5_0.3_70.h5ad
5.769161146134138,3.1526999380000014,13.555142402648926,five_branches_True_0.9_0.7_50.h5ad
5.646503292024136,3.2032583139999993,14.181102752685547,five_branches_True_0.9_0.7_70.h5ad
37.05880929157138,9.001030203000001,26.516724586486816,three_branches_False_0.3_0.1_30.h5ad
33.89535454288125,9.177132493,25.787761688232422,three_branches_False_0.3_0.1_10.h5ad
46.237773932516575,9.17182074,27.39702796936035,three_branches_False_0.3_0.1_50.h5ad
46.44089151918888,9.417050760999999,28.126761436462402,three_branches_False_0.3_0.1_70.h5ad
7.405220225453377,3.0367369129999986,11.331945419311523,three_branches_True_0.3_0.1_30.h5ad
50.20370742306113,9.569853090000002,25.728508949279785,three_branches_False_0.7_0.5_10.h5ad
8.750664953142405,3.0023228059999987,11.553585052490234,three_branches_True_0.3_0.1_10.h5ad
4.279049515724182,2.9790753110000026,13.159040451049805,three_branches_True_0.3_0.1_70.h5ad
52.97817897051573,9.895984401,27.720345497131348,three_branches_False_0.7_0.5_70.h5ad
8.556613977998495,3.081570417000002,11.86798095703125,three_branches_True_0.3_0.1_50.h5ad
54.21776173636317,9.796712305000002,27.00564956665039,three_branches_False_0.7_0.5_50.h5ad
4.358571011573076,3.033456012000002,12.39311695098877,three_branches_True_0.7_0.5_10.h5ad
58.54122530668974,9.733809821000001,26.312825202941895,three_branches_False_0.7_0.5_30.h5ad
53.40565441176295,9.997329021999999,32.20164108276367,five_branches_False_0.1_0.5_10.h5ad
54.35444230213761,9.887717498,26.23766803741455,five_branches_False_0.1_0.5_30.h5ad
5.701389871537685,3.1150894939999993,14.314240455627441,three_branches_True_0.7_0.5_70.h5ad
3.799173232167959,2.9453263320000005,13.776787757873535,three_branches_True_0.7_0.5_50.h5ad
3.733431678265333,2.8813702590000005,12.342629432678223,three_branches_True_0.7_0.5_30.h5ad
3.600699122995138,3.1406163949999986,15.549738883972168,five_branches_True_0.1_0.5_10.h5ad
2.997121449559927,3.0314953550000006,12.116345405578613,five_branches_True_0.1_0.5_30.h5ad
25.33503520488739,8.66055725,26.976520538330078,five_branches_False_0.1_0.5_50.h5ad
26.237592831254005,9.037768083000001,27.70632839202881,five_branches_False_0.1_0.5_70.h5ad
6.687524758279324,3.2490834080000006,13.0171537399292,five_branches_True_0.1_0.5_50.h5ad
6.716056399047375,3.3462715359999997,13.932365417480469,five_branches_True_0.1_0.5_70.h5ad
43.20762953162193,9.494945465,26.539648056030273,three_branches_False_0.7_0.3_30.h5ad
43.497678481042385,9.123289591,25.83934783935547,three_branches_False_0.7_0.3_10.h5ad
49.30203656107187,9.62291499,27.874260902404785,three_branches_False_0.7_0.3_70.h5ad
50.855918154120445,9.521893305999999,27.24960994720459,three_branches_False_0.7_0.3_50.h5ad
6.56322230771184,3.1271062519999973,13.093761444091797,three_branches_True_0.7_0.3_30.h5ad
6.057387888431549,3.1041464920000017,11.272727966308594,three_branches_True_0.7_0.3_10.h5ad
51.55929118394852,9.624547747,26.562440872192383,three_branches_False_0.9_0.9_30.h5ad
53.71354604512453,9.707326328,25.820216178894043,three_branches_False_0.9_0.9_10.h5ad
50.89154062047601,9.857659649999999,27.27305316925049,three_branches_False_0.9_0.9_50.h5ad
4.617728419601917,3.1063493159999993,14.449408531188965,three_branches_True_0.7_0.3_70.h5ad
5.710523437708616,3.1031292809999975,14.058000564575195,three_branches_True_0.7_0.3_50.h5ad
46.01682150363922,9.734890063,27.827147483825684,three_branches_False_0.9_0.9_70.h5ad
3.3443070389330387,3.011290092000003,12.485669136047363,three_branches_True_0.9_0.9_30.h5ad
3.82933247089386,3.079882475999998,11.606236457824707,three_branches_True_0.9_0.9_10.h5ad
4.444212678819895,3.205271334999999,13.608335494995117,three_branches_True_0.9_0.9_50.h5ad
3.4292627424001694,3.1487985929999986,13.92820930480957,three_branches_True_0.9_0.9_70.h5ad
27.363948173820972,9.154623799999998,25.869484901428223,five_branches_False_0.5_0.5_10.h5ad
30.927635449916124,9.350342724999999,28.083276748657227,five_branches_False_0.5_0.5_70.h5ad
7.08904717490077,3.1502216899999986,11.461522102355957,five_branches_True_0.5_0.5_10.h5ad
41.463281624019146,9.638093334999999,27.403825759887695,five_branches_False_0.5_0.5_50.h5ad
42.12249130755663,9.318145016999999,29.282803535461426,five_branches_False_0.5_0.5_30.h5ad
6.4198372177779675,3.224263937,13.969379425048828,five_branches_True_0.5_0.5_70.h5ad
49.675954792648554,9.781270264,33.42401885986328,five_branches_False_0.7_0.1_30.h5ad
6.593183066695929,3.0593644650000016,13.342615127563477,five_branches_True_0.5_0.5_50.h5ad
6.826430708169937,3.1722463239999996,12.794981956481934,five_branches_True_0.5_0.5_30.h5ad
43.413492642343044,9.634547752,26.3696231842041,three_branches_False_0.5_0.5_30.h5ad
51.29889526963234,9.776781673999999,27.22224521636963,five_branches_False_0.7_0.1_50.h5ad
50.44506813213229,9.653822302,27.896020889282227,five_branches_False_0.7_0.1_70.h5ad
47.485505528748035,10.18653655,25.715493202209473,three_branches_False_0.5_0.5_10.h5ad
6.893826089799404,3.320366001,16.77314853668213,five_branches_True_0.7_0.1_30.h5ad
3.214263018220663,2.9704787900000014,13.31822681427002,three_branches_True_0.5_0.5_30.h5ad
2.8087663501501083,2.970109164,13.644034385681152,five_branches_True_0.7_0.1_50.h5ad
2.955132719129324,3.020675509,14.552669525146484,five_branches_True_0.7_0.1_70.h5ad
3.511533785611391,3.367128997000002,12.310078620910645,three_branches_True_0.5_0.5_10.h5ad
14.994260977953672,8.526504038,27.034130096435547,three_branches_False_0.5_0.5_50.h5ad
4.044264119118452,3.1271945159999994,13.959596633911133,three_branches_True_0.5_0.5_50.h5ad
16.928008250892162,8.300698591000002,27.71610927581787,three_branches_False_0.5_0.5_70.h5ad
16.57242314890027,8.476886041999999,27.95722770690918,three_branches_False_0.9_0.5_70.h5ad
1.0909148417413235,2.224476897999999,14.885152816772461,three_branches_True_0.5_0.5_70.h5ad
1.3834735304117203,2.349826012000001,13.963191032409668,three_branches_True_0.9_0.5_70.h5ad
53.03889191895723,9.578427634,32.799588203430176,five_branches_False_0.7_0.1_10.h5ad
53.327408619225025,9.696893378,32.82547378540039,three_branches_False_0.9_0.5_10.h5ad
54.208502005785704,9.52234613,33.557044982910156,five_branches_False_0.9_0.3_30.h5ad
53.99294476211071,9.515453881000001,26.56359577178955,three_branches_False_0.9_0.5_30.h5ad
53.089731462299824,9.668594590999998,27.263269424438477,three_branches_False_0.9_0.5_50.h5ad
54.66166074946523,9.625233593,25.6895170211792,three_branches_False_0.3_0.7_10.h5ad
54.25056800246239,9.746738069,32.8127498626709,five_branches_False_0.9_0.3_10.h5ad
53.9093625433743,9.659715435,27.17787456512451,three_branches_False_0.3_0.7_50.h5ad
54.70036995783448,10.021620787000002,27.84046173095703,three_branches_False_0.3_0.7_70.h5ad
54.415264286100864,9.934289003999998,26.470294952392578,three_branches_False_0.3_0.7_30.h5ad
3.0795493610203266,3.135595417000001,16.170166015625,three_branches_True_0.9_0.5_10.h5ad
3.073357041925192,3.0655785689999995,16.904932975769043,five_branches_True_0.9_0.3_30.h5ad
3.121102496981621,3.0461774209999994,16.143792152404785,five_branches_True_0.7_0.1_10.h5ad
2.918641395866871,2.986019545999998,13.229450225830078,three_branches_True_0.9_0.5_30.h5ad
3.0020414106547832,2.888888246999997,13.556026458740234,three_branches_True_0.9_0.5_50.h5ad
2.75746089220047,3.0514102700000016,13.897007942199707,three_branches_True_0.3_0.7_50.h5ad
4.2716576643288136,3.741675806,14.824560165405273,three_branches_True_0.3_0.7_70.h5ad
2.873908642679453,3.0834153549999996,12.965315818786621,three_branches_True_0.3_0.7_10.h5ad
8.194775220006704,3.8723850489999982,13.277853012084961,three_branches_True_0.3_0.7_30.h5ad
6.014122266322374,3.509573028000002,16.18284320831299,five_branches_True_0.9_0.3_10.h5ad
46.8027269244194,9.525282703,27.299495697021484,five_branches_False_0.9_0.3_50.h5ad
51.14490942656994,9.358118777,28.042755126953125,three_branches_False_0.5_0.1_70.h5ad
53.152234718203545,9.640980896999999,26.608646392822266,three_branches_False_0.5_0.1_30.h5ad
53.62083351239562,9.140511265999999,28.441770553588867,three_branches_False_0.5_0.1_10.h5ad
53.735670279711485,9.647162146,27.296555519104004,three_branches_False_0.5_0.1_50.h5ad
52.404042299836874,9.436159231,27.95582103729248,five_branches_False_0.9_0.3_70.h5ad
4.167842302471399,3.188367249999999,13.895992279052734,five_branches_True_0.9_0.3_50.h5ad
53.318750988692045,9.409234237999998,25.920394897460938,three_branches_False_0.3_0.3_10.h5ad
54.20464297384024,9.64919728,26.458473205566406,three_branches_False_0.3_0.3_30.h5ad
53.79051295667887,9.89119952,27.82410717010498,three_branches_False_0.3_0.3_70.h5ad
4.352734729647636,3.0539238620000013,13.790133476257324,three_branches_True_0.5_0.1_70.h5ad
4.1550341956317425,3.330485510999999,11.860676765441895,three_branches_True_0.5_0.1_10.h5ad
54.52224309369922,9.984898144999999,27.15585422515869,three_branches_False_0.3_0.3_50.h5ad
4.668076399713755,3.095028552999999,12.521780967712402,three_branches_True_0.5_0.1_30.h5ad
3.8648232258856297,2.940277390000002,12.906110763549805,three_branches_True_0.5_0.1_50.h5ad
3.222995549440384,2.968326969000003,13.963878631591797,five_branches_True_0.9_0.3_70.h5ad
4.181559983640909,3.041397281000002,11.291563034057617,three_branches_True_0.3_0.3_10.h5ad
5.053642202168703,3.117593319000001,14.793527603149414,three_branches_True_0.3_0.3_70.h5ad
7.0115028358995914,3.2329643630000007,12.791409492492676,three_branches_True_0.3_0.3_30.h5ad
5.504389606416225,3.308400016,13.476184844970703,three_branches_True_0.3_0.3_50.h5ad
49.937002543359995,9.523212451000001,26.359628677368164,five_branches_False_0.7_0.9_30.h5ad
51.01837181672454,9.178565886000001,25.520160675048828,five_branches_False_0.7_0.9_10.h5ad
53.335833221673965,9.634147008000001,27.81602382659912,five_branches_False_0.7_0.9_70.h5ad
53.310134783387184,9.737924621,34.15322780609131,five_branches_False_0.9_0.5_50.h5ad
54.90596514195204,9.768576515000001,27.110772132873535,five_branches_False_0.7_0.9_50.h5ad
53.534663788974285,9.605004347,32.22194862365723,five_branches_False_0.9_0.5_10.h5ad
54.66000236198306,9.673056743000002,26.398402214050293,five_branches_False_0.9_0.5_30.h5ad
53.01834136620164,9.742478491,26.234755516052246,five_branches_False_0.7_0.5_30.h5ad
4.988151650875807,3.026004425,13.163719177246094,five_branches_True_0.7_0.9_30.h5ad
54.173639964312315,9.571907019000001,27.930187225341797,five_branches_False_0.9_0.5_70.h5ad
52.95233830437064,9.805818133999999,32.19724178314209,five_branches_False_0.7_0.5_10.h5ad
4.917103942483664,3.023657679000003,11.969547271728516,five_branches_True_0.7_0.9_10.h5ad
3.2635084316134453,2.9376547709999983,14.949027061462402,five_branches_True_0.7_0.9_70.h5ad
3.969022262841463,3.1971919149999977,17.490378379821777,five_branches_True_0.9_0.5_50.h5ad
3.2252042442560196,2.906763227999999,14.228867530822754,five_branches_True_0.7_0.9_50.h5ad
3.902071211487055,3.248897766999999,15.569406509399414,five_branches_True_0.9_0.5_10.h5ad
3.68782752007246,2.9827925979999996,12.417820930480957,five_branches_True_0.9_0.5_30.h5ad
4.3076430931687355,3.1353113929999985,14.021286010742188,five_branches_True_0.9_0.5_70.h5ad
4.045928046107292,3.009507164000002,12.912263870239258,five_branches_True_0.7_0.5_30.h5ad
4.2015965804457664,3.3389048410000015,15.53760814666748,five_branches_True_0.7_0.5_10.h5ad
42.21016416698694,9.115629248,27.070895195007324,five_branches_False_0.7_0.5_50.h5ad
52.4253911152482,9.513417505000001,27.18128490447998,five_branches_False_0.7_0.3_50.h5ad
52.99492788314819,9.637247441000001,27.83466148376465,five_branches_False_0.7_0.3_70.h5ad
54.857930175960064,9.840928158,34.45045185089111,five_branches_False_0.7_0.5_70.h5ad
53.31448598206043,9.716279142,26.398160934448242,five_branches_False_0.7_0.3_30.h5ad
53.29892589151859,9.703159085000001,32.85400390625,five_branches_False_0.3_0.1_10.h5ad
11.076753605157137,3.3777150759999977,13.289188385009766,five_branches_True_0.7_0.5_50.h5ad
53.63590546324849,9.485803611000001,26.470080375671387,five_branches_False_0.3_0.1_30.h5ad
54.417042918503284,9.561807838000002,32.568721771240234,five_branches_False_0.7_0.3_10.h5ad
54.052845153957605,9.335717264,27.07717514038086,five_branches_False_0.3_0.1_50.h5ad
54.28135507181287,9.908641632,27.86888313293457,five_branches_False_0.3_0.1_70.h5ad
3.7213281877338886,3.094227231999998,14.02329158782959,five_branches_True_0.7_0.3_50.h5ad
4.007608707994223,3.183975972999999,15.158292770385742,five_branches_True_0.7_0.3_70.h5ad
4.20110721513629,3.214873978,17.789320945739746,five_branches_True_0.7_0.5_70.h5ad
3.496046807616949,3.042214939000001,13.497682571411133,five_branches_True_0.7_0.3_30.h5ad
3.7563992515206337,3.0623231360000034,16.198244094848633,five_branches_True_0.3_0.1_10.h5ad
3.2584351375699043,2.8032681870000005,11.75094985961914,five_branches_True_0.3_0.1_30.h5ad
2.361178521066904,2.832470171999997,12.661117553710938,five_branches_True_0.3_0.1_50.h5ad
2.8940447494387627,3.215486829000003,15.914257049560547,five_branches_True_0.7_0.3_10.h5ad
3.940413810312748,3.089550956,14.243966102600098,five_branches_True_0.3_0.1_70.h5ad
25.743565902113914,9.041530302000002,32.402238845825195,five_branches_False_0.9_0.9_10.h5ad
13.1144915856421,3.4175062940000025,15.748453140258789,five_branches_True_0.9_0.9_10.h5ad
53.25171044096351,9.488513974999998,27.07926654815674,five_branches_False_0.9_0.9_50.h5ad
53.36993787065148,9.586130149,26.374783515930176,five_branches_False_0.9_0.9_30.h5ad
54.2914994135499,9.799117493999999,27.84183979034424,five_branches_False_0.9_0.9_70.h5ad
53.87153412774205,9.92070827,25.668813705444336,five_branches_False_0.1_0.9_10.h5ad
53.5747876316309,10.047053048000002,27.358141899108887,five_branches_False_0.1_0.9_50.h5ad
54.85966242477298,9.819617227000002,26.38253879547119,five_branches_False_0.1_0.9_30.h5ad
54.44189756736159,10.144673135,27.050890922546387,three_branches_False_0.5_0.7_50.h5ad
52.43810676783323,9.836587136,27.74060344696045,three_branches_False_0.5_0.7_70.h5ad
55.751343846321106,10.512075356,28.08619976043701,five_branches_False_0.1_0.9_70.h5ad
3.363978423178196,2.9819188190000006,13.249053955078125,five_branches_True_0.9_0.9_30.h5ad
3.365789070725441,3.0118787619999985,13.990267753601074,five_branches_True_0.9_0.9_50.h5ad
2.9637756273150444,3.072500080000001,14.615108489990234,five_branches_True_0.9_0.9_70.h5ad
2.5615548864006996,3.106066116000001,14.604707717895508,five_branches_True_0.1_0.9_50.h5ad
2.877843353897333,3.0598680010000017,12.372785568237305,five_branches_True_0.1_0.9_10.h5ad
2.7314427457749844,3.206041872,14.819268226623535,three_branches_True_0.5_0.7_50.h5ad
2.9398350305855274,3.0456146880000006,13.504023551940918,five_branches_True_0.1_0.9_30.h5ad
8.096311405301094,3.4537075359999996,15.389557838439941,three_branches_True_0.5_0.7_70.h5ad
7.787435587495565,4.176199067000002,14.95483684539795,five_branches_True_0.1_0.9_70.h5ad
18.213984362781048,9.408850028999998,25.661168098449707,three_branches_False_0.5_0.7_10.h5ad
12.025439586490393,3.475076602999998,13.038955688476562,three_branches_True_0.5_0.7_10.h5ad
50.802973575890064,9.716413659,27.84768581390381,five_branches_False_0.3_0.5_70.h5ad
50.91206883639097,9.418296353999999,25.831087112426758,five_branches_False_0.3_0.5_10.h5ad
50.52857071906328,9.474877867999998,27.198002815246582,five_branches_False_0.3_0.5_50.h5ad
50.14763594791293,9.622845155,27.650418281555176,five_branches_False_0.5_0.9_70.h5ad
53.88917472213507,9.73134248,26.469884872436523,five_branches_False_0.3_0.5_30.h5ad
53.75717978179455,9.762755109,26.31666660308838,three_branches_False_0.5_0.7_30.h5ad
53.25114210322499,9.732762182999998,25.49418354034424,five_branches_False_0.5_0.9_10.h5ad
50.59147707745433,9.770260726999998,26.936960220336914,five_branches_False_0.5_0.9_50.h5ad
51.72073354572058,9.811804489999998,26.222389221191406,five_branches_False_0.5_0.9_30.h5ad
5.100702319294214,3.081282257999998,14.73164176940918,five_branches_True_0.3_0.5_70.h5ad
4.510636582970619,3.0338006449999995,12.25646686553955,five_branches_True_0.3_0.5_10.h5ad
4.284860517829657,3.0005327899999976,13.614496231079102,five_branches_True_0.3_0.5_50.h5ad
3.8798893354833126,3.1266546869999985,14.67287540435791,five_branches_True_0.5_0.9_70.h5ad
2.6699037067592144,2.939268993999999,12.81753921508789,five_branches_True_0.3_0.5_30.h5ad
3.3912105299532413,3.144038046000002,14.29828929901123,three_branches_True_0.5_0.7_30.h5ad
3.4012844264507294,3.119388567999998,14.271674156188965,five_branches_True_0.5_0.9_50.h5ad
5.737686775624752,3.1300095819999996,12.361578941345215,five_branches_True_0.5_0.9_10.h5ad
4.079817928373814,3.072445578,13.519545555114746,five_branches_True_0.5_0.9_30.h5ad
17.90620883181691,9.19345019,27.988652229309082,five_branches_False_0.5_0.1_70.h5ad
3.665832206606865,3.189559066000001,14.040271759033203,five_branches_True_0.5_0.1_70.h5ad
44.65060553327203,9.185840023999999,25.669869422912598,five_branches_False_0.5_0.1_10.h5ad
47.608601436018944,9.502956396,33.61267566680908,five_branches_False_0.5_0.1_30.h5ad
46.213609896600246,9.395469729000002,27.928874969482422,five_branches_False_0.9_0.1_70.h5ad
47.32814234495163,9.401087346999999,27.264582633972168,five_branches_False_0.5_0.1_50.h5ad
46.226432517170906,9.424066702,25.689537048339844,five_branches_False_0.9_0.1_10.h5ad
46.40386138483882,9.732639028,33.265506744384766,five_branches_False_0.9_0.1_30.h5ad
46.77117512375116,9.405633073999999,27.1864013671875,five_branches_False_0.9_0.1_50.h5ad
4.70535509288311,2.984203441000002,12.129629135131836,five_branches_True_0.5_0.1_10.h5ad
5.713925898075104,3.5391598789999996,16.958699226379395,five_branches_True_0.5_0.1_30.h5ad
4.596239037811756,3.1275586779999998,13.66726016998291,five_branches_True_0.5_0.1_50.h5ad
52.363628663122654,9.914799943000002,32.28331279754639,three_branches_False_0.9_0.1_10.h5ad
4.460213474929333,3.1283641100000033,14.339532852172852,five_branches_True_0.9_0.1_70.h5ad
51.16832868009806,9.872017243000002,26.227354049682617,three_branches_False_0.9_0.1_30.h5ad
4.754808407276869,3.0999687599999994,12.040933609008789,five_branches_True_0.9_0.1_10.h5ad
3.654705125838518,3.328156545999999,16.607779502868652,five_branches_True_0.9_0.1_30.h5ad
4.394455209374428,3.059820710999997,13.584003448486328,five_branches_True_0.9_0.1_50.h5ad
4.03666527569294,2.960574078999997,13.596736907958984,three_branches_True_0.9_0.1_30.h5ad
5.107274871319532,3.2318623150000008,15.62702751159668,three_branches_True_0.9_0.1_10.h5ad
17.931823141872883,9.154202975999999,26.902658462524414,three_branches_False_0.9_0.1_50.h5ad
4.480386063456535,3.1588679870000007,14.231550216674805,three_branches_True_0.9_0.1_50.h5ad
45.60360471904278,9.991175694,27.66402816772461,three_branches_False_0.9_0.1_70.h5ad
46.04597634449601,9.627009150000001,26.295653343200684,three_branches_False_0.1_0.1_30.h5ad
47.758859533816576,9.660481845999998,27.74891185760498,three_branches_False_0.1_0.1_70.h5ad
45.222621746361256,9.522333417999999,25.67117214202881,three_branches_False_0.1_0.1_10.h5ad
46.64451476559043,9.620150394,26.59849452972412,five_branches_False_0.5_0.7_30.h5ad
7.2628305815160275,2.995225407000003,12.601860046386719,three_branches_True_0.1_0.1_30.h5ad
8.476668238639832,3.3011567930000005,15.31122875213623,three_branches_True_0.9_0.1_70.h5ad
50.71055605262518,9.80756866,26.99523162841797,three_branches_False_0.1_0.1_50.h5ad
5.454474743455648,3.0623310299999993,11.868985176086426,three_branches_True_0.1_0.1_10.h5ad
50.24949959665537,10.309007293000002,27.312910079956055,five_branches_False_0.5_0.7_50.h5ad
5.982165545225143,3.1640435960000026,14.500548362731934,three_branches_True_0.1_0.1_70.h5ad
54.70503532141447,10.283149449000001,27.964844703674316,five_branches_False_0.5_0.7_70.h5ad
50.84911031648517,10.283075766999998,25.927860260009766,five_branches_False_0.5_0.7_10.h5ad
4.132466293871403,3.1387911200000005,13.508683204650879,five_branches_True_0.5_0.7_30.h5ad
5.191759686917067,3.0619774090000007,13.54041576385498,three_branches_True_0.1_0.1_50.h5ad
4.849877327680588,3.8773201119999996,14.259678840637207,five_branches_True_0.5_0.7_50.h5ad
4.294399958103895,3.6587707389999977,14.53161334991455,five_branches_True_0.5_0.7_70.h5ad
4.387103263288736,3.6586830689999985,12.255494117736816,five_branches_True_0.5_0.7_10.h5ad
17.624796636402607,9.292390819000001,26.474048614501953,three_branches_False_0.7_0.1_30.h5ad
9.217752050608397,3.396351623000001,13.63822078704834,three_branches_True_0.7_0.1_30.h5ad
35.356103990226984,9.362520426000001,25.479823112487793,five_branches_False_0.1_0.1_10.h5ad
36.404863741248846,9.383350522999999,25.641361236572266,three_branches_False_0.7_0.1_10.h5ad
35.052559707313776,9.142427558,27.961713790893555,three_branches_False_0.7_0.1_70.h5ad
35.664861522614956,9.248963538999998,27.271862030029297,three_branches_False_0.7_0.1_50.h5ad
5.661225374788046,3.2263975709999997,12.189156532287598,three_branches_True_0.7_0.1_10.h5ad
5.061490967869759,3.078445942000002,11.532758712768555,five_branches_True_0.1_0.1_10.h5ad
3.897983968257904,3.0658864050000005,13.405861854553223,three_branches_True_0.7_0.1_50.h5ad
3.915077280253172,3.020993570999998,13.748302459716797,three_branches_True_0.7_0.1_70.h5ad
37.54217845574021,9.197485728,27.122323036193848,five_branches_False_0.1_0.1_50.h5ad
41.02829536050558,9.943368539,27.79951763153076,five_branches_False_0.1_0.1_70.h5ad
41.57494041696191,9.667083671,26.315052032470703,five_branches_False_0.1_0.1_30.h5ad
3.5703264884650707,2.981778028000001,13.860610008239746,five_branches_True_0.1_0.1_50.h5ad
1.552094604820013,2.3989715469999986,12.548808097839355,five_branches_True_0.1_0.1_30.h5ad
2.7011654563248158,2.8528464739999997,15.626463890075684,five_branches_True_0.1_0.1_70.h5ad
